Date,Banco Bradesco,Itau Unibanco,Banco Santander,BOVA
2019-01-02,8.841667175292969,8.004945755004883,4.510000228881836,87.9000015258789
2019-01-03,8.949999809265137,8.1121187210083,4.550000190734863,88.0
2019-01-04,9.066666603088379,8.219290733337402,4.71999979019165,88.5
2019-01-07,9.041666984558105,8.145094871520996,4.78000020980835,88.4800033569336
2019-01-08,9.191666603088379,8.293486595153809,4.809999942779541,88.83000183105469
2019-01-09,9.433333396911621,8.466611862182617,4.820000171661377,90.31999969482422
2019-01-10,9.366666793823242,8.417147636413574,4.880000114440918,90.41999816894531
2019-01-11,9.300000190734863,8.334707260131836,4.900000095367432,90.37999725341797
2019-01-14,9.399999618530273,8.392415046691895,4.889999866485596,91.20999908447266
2019-01-15,9.358332633972168,8.276999473571777,4.869999885559082,90.61000061035156
2019-01-16,9.333333015441895,8.194559097290039,4.920000076293945,91.1500015258789
2019-01-17,9.383333206176758,8.186314582824707,4.869999885559082,91.97000122070312
2019-01-18,9.458333015441895,8.244023323059082,4.96999979019165,92.61000061035156
2019-01-22,9.116666793823242,8.054410934448242,4.880000114440918,91.4000015258789
2019-01-23,9.425000190734863,8.194559097290039,4.940000057220459,93.0999984741211
2019-01-24,9.483332633972168,8.120363235473633,4.929999828338623,94.16999816894531
2019-01-28,9.516667366027832,8.268754959106445,4.980000019073486,92.08000183105469
2019-01-29,9.616666793823242,8.384170532226562,4.949999809265137,92.19000244140625
2019-01-30,9.649999618530273,8.51607608795166,4.800000190734863,93.5199966430664
2019-01-31,10.350000381469727,8.77164077758789,4.739999771118164,94.0
2019-02-01,10.183333396911621,8.722175598144531,4.659999847412109,94.36000061035156
2019-02-04,10.324999809265137,8.887057304382324,4.650000095367432,95.02999877929688
2019-02-05,10.333333015441895,8.417147636413574,4.710000038146973,94.80000305175781
2019-02-06,9.824999809265137,8.087387084960938,4.699999809265137,91.2699966430664
2019-02-07,9.883333206176758,8.046167373657227,4.559999942779541,91.0
2019-02-08,9.908332824707031,8.194559097290039,4.53000020980835,91.69999694824219
2019-02-11,9.816666603088379,8.062655448913574,4.519999980926514,90.98999786376953
2019-02-12,10.100000381469727,8.318219184875488,4.539999961853027,92.44999694824219
2019-02-13,9.858332633972168,8.103875160217285,4.53000020980835,92.5999984741211
2019-02-14,10.266667366027832,8.30173110961914,4.519999980926514,94.33999633789062
2019-02-15,10.324999809265137,8.342950820922852,4.639999866485596,94.04000091552734
2019-02-19,10.091667175292969,8.334707260131836,4.679999828338623,93.77999877929688
2019-02-20,9.949999809265137,8.211047172546387,4.710000038146973,93.16999816894531
2019-02-25,9.800000190734863,7.930749893188477,4.739999771118164,93.7699966430664
2019-02-26,9.975000381469727,7.93899393081665,4.75,94.12000274658203
2019-02-27,9.916666984558105,7.930749893188477,4.789999961853027,93.83999633789062
2019-03-06,9.149999618530273,7.510304927825928,4.860000133514404,90.76000213623047
2019-03-08,9.25,7.584500789642334,4.599999904632568,91.8499984741211
2019-03-12,9.758333206176758,7.947237968444824,4.690000057220459,94.4000015258789
2019-03-13,9.858332633972168,8.07089900970459,4.820000171661377,95.30999755859375
2019-03-21,9.350000381469727,7.526793003082275,4.889999866485596,93.01000213623047
2019-03-25,8.908332824707031,7.155811786651611,4.650000095367432,90.3499984741211
2019-03-26,8.975000381469727,7.246496200561523,4.599999904632568,91.91000366210938
2019-03-27,8.5,6.875514984130859,4.670000076293945,88.0999984741211
2019-03-28,8.908332824707031,7.164055824279785,4.610000133514404,91.0199966430664
2019-03-29,9.091667175292969,7.262983798980713,4.630000114440918,91.80999755859375
2019-04-01,9.260000228881836,7.271227836608887,4.800000190734863,92.3499984741211
2019-04-02,9.170000076293945,7.230008125305176,4.78000020980835,91.83000183105469
2019-04-03,9.050000190734863,7.089859962463379,4.849999904632568,91.16000366210938
2019-04-04,9.3100004196167,7.262983798980713,4.900000095367432,92.87000274658203
2019-04-05,9.390000343322754,7.361913204193115,4.909999847412109,93.55999755859375
2019-04-08,9.40999984741211,7.361913204193115,4.929999828338623,93.77999877929688
2019-04-09,9.350000381469727,7.295959949493408,4.880000114440918,92.69999694824219
2019-04-10,9.34000015258789,7.337181091308594,4.909999847412109,92.48999786376953
2019-04-11,9.100000381469727,7.164055824279785,5.010000228881836,91.37999725341797
2019-04-12,8.9399995803833,6.999176025390625,5.090000152587891,89.51000213623047
2019-04-15,8.949999809265137,7.0239081382751465,5.090000152587891,89.80999755859375
2019-04-16,8.859999656677246,6.9744439125061035,5.119999885559082,91.0
2019-04-17,8.6899995803833,6.817807197570801,5.21999979019165,90.0
2019-04-18,8.819999694824219,6.9167351722717285,5.139999866485596,91.16000366210938
2019-04-22,8.869999885559082,6.875514984130859,5.130000114440918,91.19999694824219
2019-04-23,9.079999923706055,6.990931987762451,5.059999942779541,92.37000274658203
2019-04-24,8.880000114440918,6.8672709465026855,4.929999828338623,91.5999984741211
2019-04-25,9.069999694824219,7.007420063018799,4.909999847412109,92.9000015258789
2019-04-26,9.119999885559082,7.081615924835205,4.960000038146973,92.62999725341797
2019-04-29,8.970000267028809,7.03215217590332,5.0,92.72000122070312
2019-04-30,9.0600004196167,7.131080150604248,4.989999771118164,92.87999725341797
2019-05-02,8.979999542236328,7.089859962463379,4.880000114440918,92.08000183105469
2019-05-03,9.130000114440918,7.081615924835205,4.900000095367432,92.5999984741211
2019-05-06,8.819999694824219,6.875514984130859,4.840000152587891,91.61000061035156
2019-05-07,8.75,6.793075084686279,4.690000057220459,90.9800033569336
2019-05-08,9.0,6.900247097015381,4.699999809265137,92.11000061035156
2019-05-09,8.8100004196167,6.7848310470581055,4.650000095367432,91.37000274658203
2019-05-10,8.760000228881836,6.7848310470581055,4.670000076293945,90.80000305175781
2019-05-13,8.4399995803833,6.595218181610107,4.519999980926514,88.30999755859375
2019-05-14,8.430000305175781,6.603462219238281,4.539999961853027,88.76000213623047
2019-05-15,8.270000457763672,6.537509918212891,4.559999942779541,87.87000274658203
2019-05-16,8.09000015258789,6.422093868255615,4.619999885559082,86.55999755859375
2019-05-17,8.010000228881836,6.3231658935546875,4.559999942779541,86.73999786376953
2019-05-20,8.220000267028809,6.504533767700195,4.539999961853027,88.83000183105469
2019-05-21,8.630000114440918,6.7848310470581055,4.570000171661377,91.19000244140625
2019-05-22,8.619999885559082,6.859026908874512,4.5,90.95999908447266
2019-05-23,8.529999732971191,6.850782871246338,4.449999809265137,90.43000030517578
2019-05-24,8.489999771118164,6.826051235198975,4.489999771118164,90.25
2019-05-28,8.760000228881836,6.933222770690918,4.409999847412109,92.8499984741211
2019-05-29,9.029999732971191,7.155811786651611,4.429999828338623,93.05999755859375
2019-05-30,9.229999542236328,7.246496200561523,4.489999771118164,93.95999908447266
2019-05-31,9.359999656677246,7.337181091308594,4.329999923706055,93.58999633789062
2019-06-03,9.430000305175781,7.3866448402404785,4.369999885559082,93.4800033569336
2019-06-04,9.539999961853027,7.460841178894043,4.489999771118164,93.80000305175781
2019-06-05,9.34000015258789,7.295959949493408,4.449999809265137,92.63999938964844
2019-06-06,9.550000190734863,7.345425128936768,4.440000057220459,93.69000244140625
2019-06-07,9.579999923706055,7.460841178894043,4.440000057220459,94.22000122070312
2019-06-10,9.449999809265137,7.394888877868652,4.489999771118164,93.8499984741211
2019-06-11,9.600000381469727,7.452597141265869,4.510000228881836,95.41999816894531
2019-06-12,9.399999618530273,7.3866448402404785,4.449999809265137,94.66000366210938
2019-06-13,9.390000343322754,7.295959949493408,4.440000057220459,95.13999938964844
2019-06-14,9.180000305175781,7.188787937164307,4.400000095367432,94.51000213623047
2019-06-17,9.180000305175781,7.188787937164307,4.380000114440918,94.25
2019-06-18,9.319999694824219,7.394888877868652,4.420000076293945,95.7699966430664
2019-06-19,9.520000457763672,7.535037040710449,4.480000019073486,96.62999725341797
2019-06-21,9.720000267028809,7.724649906158447,4.489999771118164,98.22000122070312
2019-06-24,9.880000114440918,7.765870094299316,4.480000019073486,98.30999755859375
2019-06-25,9.710000038146973,7.625720977783203,4.480000019073486,96.36000061035156
2019-06-26,9.859999656677246,7.782358169555664,4.539999961853027,96.8499984741211
2019-06-27,9.819999694824219,7.749382019042969,4.550000190734863,97.06999969482422
2019-06-28,9.819999694824219,7.765870094299316,4.579999923706055,97.11000061035156
2019-07-01,9.739999771118164,7.749382019042969,4.579999923706055,97.44999694824219
2019-07-02,9.720000267028809,7.699917793273926,4.579999923706055,96.7699966430664
2019-07-03,9.84000015258789,7.741137981414795,4.650000095367432,98.31999969482422
2019-07-05,10.239999771118164,8.013190269470215,4.690000057220459,100.2699966430664
2019-07-08,10.239999771118164,8.029678344726562,4.619999885559082,100.55999755859375
2019-07-10,10.390000343322754,8.1121187210083,4.630000114440918,101.95999908447266
2019-07-11,10.25,8.128606796264648,4.699999809265137,101.20999908447266
2019-07-12,10.1899995803833,8.037922859191895,4.670000076293945,100.05000305175781
2019-07-15,10.029999732971191,7.922505855560303,4.639999866485596,100.04000091552734
2019-07-16,9.989999771118164,7.930749893188477,4.650000095367432,99.9000015258789
2019-07-17,9.970000267028809,7.971970081329346,4.550000190734863,100.01000213623047
2019-07-18,10.279999732971191,8.194559097290039,4.5,100.69999694824219
2019-07-19,9.979999542236328,7.9802141189575195,4.429999828338623,99.5999984741211
2019-07-22,10.149999618530273,8.120363235473633,4.409999847412109,100.0
2019-07-23,10.09000015258789,8.128606796264648,4.539999961853027,100.0999984741211
2019-07-24,10.260000228881836,8.1121187210083,4.570000171661377,100.38999938964844
2019-07-25,9.65999984741211,7.823577880859375,4.5,98.80000305175781
2019-07-26,9.600000381469727,7.996702194213867,4.460000038146973,99.1500015258789
2019-07-29,9.539999961853027,7.996702194213867,4.429999828338623,99.55999755859375
2019-07-30,9.279999732971191,7.716405868530273,4.28000020980835,99.12000274658203
2019-07-31,9.039999961853027,7.543281078338623,4.239999771118164,97.9800033569336
2019-08-01,8.880000114440918,7.49381685256958,4.170000076293945,98.43000030517578
2019-08-02,8.770000457763672,7.403132915496826,4.139999866485596,98.77999877929688
2019-08-05,8.470000267028809,7.1970319747924805,4.059999942779541,96.47000122070312
2019-08-06,8.600000381469727,7.345425128936768,4.050000190734863,98.44000244140625
2019-08-07,8.760000228881836,7.600988864898682,4.0,99.05000305175781
2019-08-08,8.880000114440918,7.7081618309021,4.059999942779541,100.36000061035156
2019-08-09,8.720000267028809,7.642209053039551,4.019999980926514,100.23999786376953
2019-08-12,8.449999809265137,7.304203987121582,3.9100000858306885,98.16000366210938
2019-08-13,8.569999694824219,7.419620990753174,3.9700000286102295,99.5199966430664
2019-08-14,8.210000038146973,7.164055824279785,3.799999952316284,96.6500015258789
2019-08-15,8.25,7.221764087677002,3.819999933242798,95.37999725341797
2019-08-16,8.270000457763672,7.073371887207031,3.930000066757202,96.1500015258789
2019-08-19,8.039999961853027,6.9167351722717285,3.880000114440918,95.7699966430664
2019-08-20,8.010000228881836,6.908491134643555,3.7899999618530273,95.54000091552734
2019-08-21,8.170000076293945,6.999176025390625,3.7899999618530273,97.52999877929688
2019-08-22,8.020000457763672,6.817807197570801,3.859999895095825,96.3499984741211
2019-08-23,7.71999979019165,6.636438846588135,3.7699999809265137,94.0199966430664
2019-08-26,7.619999885559082,6.595218181610107,3.8299999237060547,92.6500015258789
2019-08-27,7.659999847412109,6.644682884216309,3.7799999713897705,93.6500015258789
2019-08-28,7.650000095367432,6.727122783660889,3.75,94.58000183105469
2019-08-29,7.789999961853027,6.793075084686279,3.7799999713897705,96.86000061035156
2019-08-30,7.989999771118164,6.793075084686279,3.75,97.61000061035156
2019-09-03,7.679999828338623,6.529265880584717,3.6700000762939453,95.9000015258789
2019-09-04,7.880000114440918,6.652926921844482,3.7200000286102295,97.37000274658203
2019-09-05,8.0600004196167,6.826051235198975,3.8399999141693115,98.44000244140625
2019-09-06,8.390000343322754,7.073371887207031,3.869999885559082,99.12999725341797
2019-09-09,8.470000267028809,7.23825216293335,3.940000057220459,99.33000183105469
2019-09-10,8.359999656677246,7.098104000091553,4.090000152587891,99.19000244140625
2019-09-11,8.390000343322754,7.131080150604248,4.039999961853027,99.75
2019-09-12,8.329999923706055,7.122836112976074,4.099999904632568,100.36000061035156
2019-09-13,8.149999618530273,7.1970319747924805,4.159999847412109,99.58000183105469
2019-09-16,8.029999732971191,7.040396213531494,4.099999904632568,99.80000305175781
2019-09-17,8.220000267028809,7.122836112976074,4.0,100.76000213623047
2019-09-18,8.220000267028809,7.056883811950684,3.990000009536743,100.62999725341797
2019-09-19,8.0600004196167,6.850782871246338,4.019999980926514,100.44000244140625
2019-09-20,8.130000114440918,6.875514984130859,4.039999961853027,100.76000213623047
2019-09-23,8.119999885559082,6.801319122314453,3.9800000190734863,100.77999877929688
2019-09-24,8.0600004196167,6.75185489654541,3.9100000858306885,100.0
2019-09-25,8.149999618530273,6.859026908874512,3.950000047683716,100.44999694824219
2019-09-26,8.239999771118164,7.0239081382751465,3.930000066757202,101.43000030517578
2019-09-27,8.25,7.0239081382751465,3.990000009536743,101.23999786376953
2019-09-30,8.140000343322754,6.933222770690918,4.019999980926514,101.01000213623047
2019-10-01,7.96999979019165,6.7848310470581055,3.940000057220459,100.05999755859375
2019-10-02,7.769999980926514,6.628194808959961,3.819999933242798,97.1500015258789
2019-10-03,7.829999923706055,6.619950771331787,3.8399999141693115,97.72000122070312
2019-10-04,7.989999771118164,6.7848310470581055,3.8399999141693115,98.69000244140625
2019-10-07,7.860000133514404,6.586974143981934,3.859999895095825,96.80000305175781
2019-10-08,7.869999885559082,6.5457539558410645,3.809999942779541,96.1500015258789
2019-10-09,8.039999961853027,6.652926921844482,3.8499999046325684,97.5
2019-10-10,8.119999885559082,6.652926921844482,3.950000047683716,98.08000183105469
2019-10-11,8.270000457763672,6.809563159942627,4.099999904632568,99.97000122070312
2019-10-14,8.279999732971191,6.817807197570801,4.070000171661377,100.3499984741211
2019-10-15,8.279999732971191,6.801319122314453,4.25,100.58000183105469
2019-10-16,8.489999771118164,6.892003059387207,4.260000228881836,101.4000015258789
2019-10-17,8.359999656677246,6.809563159942627,4.239999771118164,101.05000305175781
2019-10-18,8.149999618530273,6.817807197570801,4.300000190734863,100.75
2019-10-21,8.140000343322754,6.892003059387207,4.349999904632568,102.0
2019-10-22,8.520000457763672,7.164055824279785,4.360000133514404,103.23999786376953
2019-10-23,8.699999809265137,7.378400802612305,4.400000095367432,103.4000015258789
2019-10-24,8.6899995803833,7.419620990753174,4.349999904632568,103.0
2019-10-25,8.850000381469727,7.49381685256958,4.369999885559082,103.37000274658203
2019-10-28,9.180000305175781,7.642209053039551,4.369999885559082,103.94999694824219
2019-10-29,9.079999923706055,7.518548965454102,4.340000152587891,103.5
2019-10-30,9.100000381469727,7.5680131912231445,4.090000152587891,104.29000091552734
2019-10-31,8.760000228881836,7.444353103637695,3.9600000381469727,103.2300033569336
2019-11-01,8.710000038146973,7.469085216522217,4.010000228881836,104.2699966430664
2019-11-04,8.649999618530273,7.4361090660095215,4.119999885559082,104.62999725341797
2019-11-05,8.800000190734863,7.576257228851318,4.159999847412109,104.66999816894531
2019-11-06,8.609999656677246,7.3866448402404785,4.110000133514404,104.3499984741211
2019-11-07,8.550000190734863,7.353669166564941,4.179999828338623,105.30999755859375
2019-11-08,8.199999809265137,7.155811786651611,4.119999885559082,103.4000015258789
2019-11-11,8.1899995803833,7.180543899536133,4.119999885559082,104.23999786376953
2019-11-12,8.069999694824219,7.040396213531494,4.039999961853027,102.44999694824219
2019-11-13,7.960000038146973,6.9744439125061035,3.9000000953674316,102.37000274658203
2019-11-14,7.909999847412109,6.9579548835754395,3.9000000953674316,102.55000305175781
2019-11-18,7.860000133514404,6.933222770690918,3.880000114440918,102.0
2019-11-19,7.820000171661377,6.842538833618164,3.9000000953674316,101.95999908447266
2019-11-21,7.889999866485596,6.933222770690918,3.9000000953674316,103.5
2019-11-22,8.0,6.990931987762451,3.940000057220459,104.5999984741211
2019-11-25,7.929999828338623,6.8672709465026855,3.990000009536743,104.25
2019-11-26,7.769999980926514,6.685903072357178,3.9200000762939453,103.44000244140625
2019-11-27,7.849999904632568,6.727122783660889,3.930000066757202,103.68000030517578
2019-11-29,7.849999904632568,6.710635185241699,3.869999885559082,104.3499984741211
2019-12-02,7.949999809265137,6.883759021759033,3.799999952316284,104.80999755859375
2019-12-03,8.0,6.892003059387207,3.799999952316284,105.0
2019-12-04,8.15999984741211,7.098104000091553,3.9000000953674316,106.0999984741211
2019-12-05,8.239999771118164,7.155811786651611,3.890000104904175,106.44000244140625
2019-12-06,8.279999732971191,7.1145920753479,3.9100000858306885,106.93000030517578
2019-12-09,8.3100004196167,7.254740238189697,3.930000066757202,106.7699966430664
2019-12-10,8.270000457763672,7.131080150604248,3.880000114440918,106.58000183105469
2019-12-11,8.239999771118164,7.081615924835205,3.890000104904175,106.75
2019-12-12,8.4399995803833,7.155811786651611,4.050000190734863,107.8499984741211
2019-12-13,8.4399995803833,7.254740238189697,4.090000152587891,108.30999755859375
2019-12-16,8.40999984741211,7.221764087677002,4.150000095367432,107.72000122070312
2019-12-17,8.510000228881836,7.254740238189697,4.159999847412109,108.41000366210938
2019-12-18,8.739999771118164,7.403132915496826,4.159999847412109,110.16000366210938
2019-12-19,8.869999885559082,7.411376953125,4.139999866485596,110.81999969482422
2019-12-20,8.600000381469727,7.2794718742370605,4.150000095367432,110.83999633789062
2019-12-23,8.729999542236328,7.378400802612305,4.139999866485596,111.66999816894531
2019-12-26,8.9399995803833,7.543281078338623,4.119999885559082,112.80999755859375
2019-12-27,8.899999618530273,7.510304927825928,4.130000114440918,112.16999816894531
2019-12-30,8.949999809265137,7.543281078338623,4.130000114440918,111.2300033569336
2020-01-02,9.229999542236328,7.732893943786621,4.320000171661377,114.23999786376953
2020-01-03,9.25,7.666941165924072,4.190000057220459,113.80000305175781
2020-01-06,9.010000228881836,7.502060890197754,4.210000038146973,112.58999633789062
2020-01-07,8.850000381469727,7.32069206237793,4.130000114440918,112.23999786376953
2020-01-08,8.710000038146973,7.213520050048828,4.119999885559082,111.94999694824219
2020-01-09,8.5600004196167,7.056883811950684,4.150000095367432,111.66000366210938
2020-01-10,8.369999885559082,6.96619987487793,4.090000152587891,111.27999877929688
2020-01-13,8.350000381469727,6.982687950134277,4.099999904632568,113.08000183105469
2020-01-14,8.380000114440918,6.9744439125061035,3.9800000190734863,113.31999969482422
2020-01-15,8.119999885559082,6.826051235198975,3.940000057220459,112.18000030517578
2020-01-16,8.239999771118164,6.826051235198975,4.03000020980835,112.3499984741211
2020-01-17,8.4399995803833,6.892003059387207,4.079999923706055,114.0999984741211
2020-01-21,7.920000076293945,6.562242031097412,3.9700000286102295,112.6500015258789
2020-01-22,8.020000457763672,6.603462219238281,3.9600000381469727,114.0999984741211
2020-01-23,8.279999732971191,6.768342971801758,3.9600000381469727,115.20999908447266
2020-01-24,8.15999984741211,6.702391147613525,3.880000114440918,114.0
2020-01-27,7.920000076293945,6.537509918212891,3.809999942779541,110.29000091552734
2020-01-28,7.96999979019165,6.562242031097412,3.880000114440918,112.30000305175781
2020-01-29,7.78000020980835,6.422093868255615,4.050000190734863,110.87999725341797
2020-01-30,7.809999942779541,6.438581943511963,4.079999923706055,111.19000244140625
2020-01-31,7.630000114440918,6.273702144622803,3.9200000762939453,108.9000015258789
2020-02-03,7.75,6.347898006439209,3.9100000858306885,110.41999816894531
2020-02-04,7.760000228881836,6.389118194580078,4.010000228881836,111.20999908447266
2020-02-05,7.869999885559082,6.446825981140137,4.139999866485596,111.7699966430664
2020-02-06,7.78000020980835,6.405605792999268,4.179999828338623,110.94999694824219
2020-02-07,7.800000190734863,6.397362232208252,4.170000076293945,109.3499984741211
2020-02-10,7.840000152587891,6.504533767700195,4.150000095367432,108.79000091552734
2020-02-11,7.880000114440918,6.644682884216309,4.170000076293945,111.30000305175781
2020-02-12,7.769999980926514,6.553997993469238,4.25,112.44999694824219
2020-02-13,7.610000133514404,6.504533767700195,4.230000019073486,110.9000015258789
2020-02-14,7.550000190734863,6.471558094024658,4.179999828338623,110.08000183105469
2020-02-18,7.320000171661377,6.331409931182861,4.159999847412109,111.13999938964844
2020-02-19,7.440000057220459,6.389118194580078,4.170000076293945,112.08000183105469
2020-02-20,7.309999942779541,6.356142044067383,4.139999866485596,110.19999694824219
2020-02-21,7.239999771118164,6.281946182250977,4.039999961853027,109.44999694824219
2020-02-26,6.789999961853027,5.762571811676025,3.759999990463257,101.9000015258789
2020-02-27,6.71999979019165,5.729596138000488,3.6500000953674316,99.19999694824219
2020-02-28,6.78000020980835,5.828524112701416,3.6600000858306885,100.5999984741211
2020-03-02,6.889999866485596,5.877987861633301,3.6600000858306885,102.98999786376953
2020-03-03,6.650000095367432,5.729596138000488,3.5299999713897705,101.75
2020-03-04,6.670000076293945,5.737840175628662,3.690000057220459,103.0999984741211
2020-03-05,6.389999866485596,5.490519046783447,3.4000000953674316,98.79000091552734
2020-03-06,6.119999885559082,5.276175022125244,3.4000000953674316,94.4000015258789
2020-03-09,5.489999771118164,4.674361228942871,2.9700000286102295,82.69999694824219
2020-03-10,5.789999961853027,5.070074081420898,3.119999885559082,88.62999725341797
2020-03-11,5.260000228881836,4.558945178985596,2.9700000286102295,82.05999755859375
2020-03-12,4.449999809265137,3.932399034500122,2.5199999809265137,70.0999984741211
2020-03-13,5.199999809265137,4.5259690284729,2.7100000381469727,79.48999786376953
2020-03-16,4.429999828338623,3.8994228839874268,2.200000047683716,68.4000015258789
2020-03-17,4.75,4.0395708084106445,2.4200000762939453,71.0
2020-03-18,3.950000047683716,3.652101993560791,2.1600000858306885,65.01000213623047
2020-03-19,4.099999904632568,3.701565980911255,2.180000066757202,65.0
2020-03-20,3.7699999809265137,3.610882043838501,2.190000057220459,64.7699966430664
2020-03-23,3.4000000953674316,3.3140969276428223,2.259999990463257,61.13999938964844
2020-03-24,4.03000020980835,3.6768341064453125,2.4800000190734863,67.4000015258789
2020-03-25,4.369999885559082,3.891179084777832,2.619999885559082,71.7300033569336
2020-03-26,4.460000038146973,4.0395708084106445,2.6500000953674316,74.56999969482422
2020-03-27,4.070000171661377,3.767518997192383,2.4600000381469727,70.22000122070312
2020-03-30,4.130000114440918,3.8664469718933105,2.4600000381469727,71.97000122070312
2020-03-31,4.059999942779541,3.701565980911255,2.3499999046325684,69.3499984741211
2020-04-01,3.7799999713897705,3.363560914993286,2.25,68.18000030517578
2020-04-02,3.7899999618530273,3.380048990249634,2.2899999618530273,69.62999725341797
2020-04-03,3.549999952316284,3.2151689529418945,2.2300000190734863,66.9000015258789
2020-04-06,3.9600000381469727,3.437757968902588,2.390000104904175,71.56999969482422
2020-04-07,4.119999885559082,3.610882043838501,2.390000104904175,73.51000213623047
2020-04-08,4.380000114440918,3.8582029342651367,2.4200000762939453,75.7300033569336
2020-04-09,4.369999885559082,3.8252270221710205,2.3299999237060547,74.87000274658203
2020-04-13,4.380000114440918,3.808738946914673,2.3399999141693115,75.95999908447266
2020-04-14,4.050000190734863,3.8664469718933105,2.309999942779541,76.8499984741211
2020-04-15,3.9000000953674316,3.7098100185394287,2.1700000762939453,76.05000305175781
2020-04-16,3.7699999809265137,3.5531740188598633,2.109999895095825,74.93000030517578
2020-04-17,3.8499999046325684,3.643857955932617,2.140000104904175,76.0
2020-04-20,3.6700000762939453,3.5037100315093994,2.069999933242798,75.66000366210938
2020-04-22,3.5999999046325684,3.396538019180298,2.049999952316284,77.69999694824219
2020-04-23,3.4800000190734863,3.2976090908050537,2.0799999237060547,76.6500015258789
2020-04-24,3.119999885559082,3.0173120498657227,2.049999952316284,72.41000366210938
2020-04-27,3.240000009536743,3.1327290534973145,2.109999895095825,75.29000091552734
2020-04-28,3.5999999046325684,3.5037100315093994,2.180000066757202,78.30000305175781
2020-04-29,3.8399999141693115,3.6850779056549072,2.3299999237060547,80.18000030517578
2020-04-30,3.5199999809265137,3.470733880996704,2.1700000762939453,77.20999908447266
2020-05-04,3.309999942779541,3.322340965270996,2.119999885559082,76.0999984741211
2020-05-05,3.2699999809265137,3.363560914993286,2.0899999141693115,76.54000091552734
2020-05-06,3.1500000953674316,3.2234129905700684,2.049999952316284,76.19999694824219
2020-05-07,2.9700000286102295,3.0832650661468506,2.069999933242798,75.4000015258789
2020-05-08,3.180000066757202,3.281121015548706,2.130000114440918,77.43000030517578
2020-05-11,3.049999952316284,3.198681116104126,2.059999942779541,76.13999938964844
2020-05-12,2.9200000762939453,3.058532953262329,2.0199999809265137,75.0
2020-05-13,2.869999885559082,3.0420451164245605,1.9700000286102295,75.1500015258789
2020-05-14,3.0399999618530273,3.198681116104126,1.9900000095367432,76.25
2020-05-15,2.940000057220459,3.0915091037750244,1.9700000286102295,74.55999755859375
2020-05-18,3.109999895095825,3.281121015548706,2.119999885559082,78.02999877929688
2020-05-19,3.0,3.107996940612793,1.9500000476837158,77.6500015258789
2020-05-20,3.0899999141693115,3.1409730911254883,2.0199999809265137,78.44999694824219
2020-05-21,3.309999942779541,3.3553171157836914,2.0199999809265137,79.97000122070312
2020-05-22,3.3499999046325684,3.363560914993286,2.0799999237060547,79.94000244140625
2020-05-26,3.5799999237060547,3.478977918624878,2.2300000190734863,82.44999694824219
2020-05-27,3.690000057220459,3.701565980911255,2.380000114440918,84.68000030517578
2020-05-28,3.559999942779541,3.569662094116211,2.3499999046325684,83.6500015258789
2020-05-29,3.4600000381469727,3.5037100315093994,2.2699999809265137,84.1500015258789
2020-06-01,3.640000104904175,3.619126081466675,2.3299999237060547,85.33000183105469
2020-06-02,3.9700000286102295,3.981863021850586,2.4100000858306885,87.77999877929688
2020-06-03,4.230000019073486,4.1962080001831055,2.5399999618530273,89.37000274658203
2020-06-04,4.260000228881836,4.3281121253967285,2.609999895095825,90.30999755859375
2020-06-05,4.5,4.558945178985596,2.809999942779541,91.05000305175781
2020-06-08,4.800000190734863,4.82275390625,2.9000000953674316,93.94999694824219
2020-06-09,4.659999847412109,4.666117191314697,2.8399999141693115,92.94999694824219
2020-06-10,4.420000076293945,4.418796062469482,2.7200000286102295,91.16999816894531
2020-06-12,4.269999980926514,4.245672225952148,2.509999990463257,89.25
2020-06-15,4.119999885559082,4.122012138366699,2.440000057220459,89.06999969482422
2020-06-16,4.230000019073486,4.138500213623047,2.509999990463257,90.0
2020-06-17,4.230000019073486,4.171475887298584,2.4700000286102295,91.94999694824219
2020-06-18,4.139999866485596,4.1962080001831055,2.4100000858306885,92.62999725341797
2020-06-19,4.099999904632568,4.344600200653076,2.369999885559082,92.63999938964844
2020-06-22,4.070000171661377,4.245672225952148,2.380000114440918,91.75
2020-06-23,4.179999828338623,4.311624050140381,2.490000009536743,92.26000213623047
2020-06-24,3.880000114440918,3.9901070594787598,2.390000104904175,90.7699966430664
2020-06-25,3.9800000190734863,4.031326770782471,2.4800000190734863,92.38999938964844
2020-06-26,3.7699999809265137,3.8664469718933105,2.359999895095825,90.22000122070312
2020-06-29,3.9000000953674316,4.006595134735107,2.450000047683716,92.30000305175781
2020-06-30,3.809999942779541,3.8664469718933105,2.4100000858306885,91.62000274658203
2020-07-01,3.940000057220459,4.0395708084106445,2.390000104904175,92.68000030517578
2020-07-02,3.9200000762939453,4.064302921295166,2.5,92.5
2020-07-06,4.170000076293945,4.245672225952148,2.609999895095825,95.30999755859375
2020-07-07,4.010000228881836,4.006595134735107,2.509999990463257,94.0999984741211
2020-07-08,4.170000076293945,4.138500213623047,2.490000009536743,96.0999984741211
2020-07-09,4.070000171661377,4.16323184967041,2.4200000762939453,95.41000366210938
2020-07-10,4.139999866485596,4.1962080001831055,2.509999990463257,96.33999633789062
2020-07-13,4.050000190734863,4.105523109436035,2.4800000190734863,95.05000305175781
2020-07-14,4.150000095367432,4.212696075439453,2.509999990463257,96.5999984741211
2020-07-15,4.159999847412109,4.187963962554932,2.559999942779541,98.02999877929688
2020-07-16,4.139999866485596,4.138500213623047,2.509999990463257,96.81999969482422
2020-07-17,4.130000114440918,4.138500213623047,2.490000009536743,99.12999725341797
2020-07-20,4.210000038146973,4.1962080001831055,2.509999990463257,100.5
2020-07-21,4.380000114440918,4.377575874328613,2.4700000286102295,100.29000091552734
2020-07-22,4.449999809265137,4.385819911956787,2.450000047683716,100.37999725341797
2020-07-23,4.300000190734863,4.187963962554932,2.4000000953674316,98.4000015258789
2020-07-24,4.300000190734863,4.1962080001831055,2.4000000953674316,98.58999633789062
2020-07-27,4.53000020980835,4.418796062469482,2.4000000953674316,100.45999908447266
2020-07-28,4.559999942779541,4.402307987213135,2.4200000762939453,100.05000305175781
2020-07-29,4.630000114440918,4.492992877960205,2.380000114440918,101.4800033569336
2020-07-30,4.539999961853027,4.43528413772583,2.25,101.30999755859375
2020-07-31,4.21999979019165,4.204452037811279,2.109999895095825,99.29000091552734
2020-08-03,4.150000095367432,4.130256175994873,2.1700000762939453,99.19999694824219
2020-08-04,4.050000190734863,4.014839172363281,2.25,97.5999984741211
2020-08-05,4.090000152587891,3.981863021850586,2.2100000381469727,98.98999786376953
2020-08-06,4.090000152587891,3.9901070594787598,2.2200000286102295,100.16999816894531
2020-08-07,4.010000228881836,3.8664469718933105,2.190000057220459,98.83000183105469
2020-08-10,4.019999980926514,3.9076669216156006,2.2300000190734863,99.54000091552734
2020-08-11,4.010000228881836,3.882935047149658,2.319999933242798,98.19999694824219
2020-08-12,3.940000057220459,3.800494909286499,2.309999942779541,98.33000183105469
2020-08-13,3.950000047683716,3.759274959564209,2.2699999809265137,96.51000213623047
2020-08-14,3.880000114440918,3.742785930633545,2.240000009536743,97.47000122070312
2020-08-17,3.7200000286102295,3.5943939685821533,2.2100000381469727,95.83000183105469
2020-08-18,3.7899999618530273,3.6273701190948486,2.2100000381469727,98.25
2020-08-19,3.75,3.5861499309539795,2.240000009536743,97.0
2020-08-20,3.690000057220459,3.5531740188598633,2.190000057220459,97.66999816894531
2020-08-21,3.680000066757202,3.5119540691375732,2.1500000953674316,97.5999984741211
2020-08-24,3.759999990463257,3.5861499309539795,2.2200000286102295,98.5
2020-08-25,3.809999942779541,3.5943939685821533,2.2300000190734863,98.3499984741211
2020-08-26,3.6700000762939453,3.478977918624878,2.240000009536743,96.62999725341797
2020-08-27,3.75,3.5449299812316895,2.2300000190734863,96.87000274658203
2020-08-28,3.9600000381469727,3.693321943283081,2.319999933242798,98.30000305175781
2020-08-31,3.7699999809265137,3.5119540691375732,2.2300000190734863,95.69999694824219
2020-09-01,3.9200000762939453,3.6850779056549072,2.200000047683716,98.3499984741211
2020-09-02,3.9100000858306885,3.693321943283081,2.180000066757202,98.1500015258789
2020-09-03,4.119999885559082,3.841715097427368,2.1600000858306885,96.95999908447266
2020-09-04,4.119999885559082,3.8334710597991943,2.2699999809265137,97.41999816894531
2020-09-08,4.010000228881836,3.7098100185394287,2.180000066757202,96.80000305175781
2020-09-09,4.039999961853027,3.767518997192383,2.2100000381469727,97.5
2020-09-10,3.9000000953674316,3.6768341064453125,2.130000114440918,95.04000091552734
2020-09-11,3.809999942779541,3.6356139183044434,2.119999885559082,94.4800033569336
2020-09-14,3.9100000858306885,3.7262980937957764,2.1500000953674316,96.51000213623047
2020-09-15,3.8499999046325684,3.693321943283081,2.119999885559082,96.45999908447266
2020-09-16,3.9000000953674316,3.6850779056549072,2.119999885559082,95.91000366210938
2020-09-17,3.9100000858306885,3.7180540561676025,2.0899999141693115,96.37000274658203
2020-09-18,3.6700000762939453,3.4954659938812256,2.0199999809265137,94.63999938964844
2020-09-21,3.619999885559082,3.437757968902588,1.9199999570846558,93.4000015258789
2020-09-22,3.609999895095825,3.478977918624878,1.8600000143051147,93.66999816894531
2020-09-23,3.440000057220459,3.28936505317688,1.7899999618530273,92.16999816894531
2020-09-24,3.559999942779541,3.396538019180298,1.8200000524520874,93.30000305175781
2020-09-25,3.5199999809265137,3.37180495262146,1.8300000429153442,93.5
2020-09-28,3.4800000190734863,3.3058528900146484,1.909999966621399,91.19999694824219
2020-09-29,3.369999885559082,3.2069249153137207,1.840000033378601,89.91999816894531
2020-09-30,3.430000066757202,3.281121015548706,1.850000023841858,91.05000305175781
2020-10-01,3.440000057220459,3.2563889026641846,1.850000023841858,91.91000366210938
2020-10-02,3.440000057220459,3.281121015548706,1.8700000047683716,90.11000061035156
2020-10-05,3.569999933242798,3.37180495262146,1.899999976158142,92.63999938964844
2020-10-06,3.5399999618530273,3.3553171157836914,1.9600000381469727,92.02999877929688
2020-10-07,3.440000057220459,3.28936505317688,1.9800000190734863,91.94999694824219
2020-10-08,3.680000066757202,3.520198106765747,2.0199999809265137,94.2699966430664
2020-10-09,3.75,3.5531740188598633,1.9900000095367432,93.6500015258789
2020-10-13,3.7100000381469727,3.5037100315093994,1.8899999856948853,94.80000305175781
2020-10-14,3.7100000381469727,3.4872219562530518,1.8899999856948853,95.58999633789062
2020-10-15,3.6500000953674316,3.437757968902588,1.8799999952316284,95.33999633789062
2020-10-16,3.5899999141693115,3.363560914993286,1.9199999570846558,94.54000091552734
2020-10-19,3.680000066757202,3.396538019180298,1.9199999570846558,95.0
2020-10-20,3.8399999141693115,3.5531740188598633,2.0,96.66999816894531
2020-10-21,3.859999895095825,3.5779058933258057,1.9900000095367432,96.6500015258789
2020-10-22,4.059999942779541,3.7757630348205566,2.0199999809265137,98.05999755859375
2020-10-23,4.0,3.701565980911255,2.0799999237060547,97.44000244140625
2020-10-26,4.039999961853027,3.7262980937957764,2.059999942779541,97.2300033569336
2020-10-27,3.9000000953674316,3.602638006210327,2.0,95.68000030517578
2020-10-28,3.5999999046325684,3.3470730781555176,1.909999966621399,91.55999755859375
2020-10-29,3.5999999046325684,3.4130260944366455,1.9600000381469727,92.80000305175781
2020-10-30,3.5,3.37180495262146,2.009999990463257,90.66000366210938
2020-11-03,3.619999885559082,3.437757968902588,2.1700000762939453,92.26000213623047
2020-11-04,3.640000104904175,3.602638006210327,2.059999942779541,94.16000366210938
2020-11-05,3.7799999713897705,3.8169829845428467,2.1600000858306885,96.94999694824219
2020-11-06,3.890000104904175,3.9076669216156006,2.140000104904175,97.19000244140625
2020-11-09,4.269999980926514,4.229184150695801,2.5,99.5
2020-11-10,4.53000020980835,4.443528175354004,2.690000057220459,101.0
2020-11-11,4.5,4.3693318367004395,2.7100000381469727,100.88999938964844
2020-11-12,4.269999980926514,4.204452037811279,2.549999952316284,98.69999694824219
2020-11-13,4.420000076293945,4.295135974884033,2.6700000762939453,100.83000183105469
2020-11-16,4.679999828338623,4.460015773773193,2.75,102.51000213623047
2020-11-17,4.769999980926514,4.550701141357422,2.7699999809265137,103.0999984741211
2020-11-18,4.639999866485596,4.443528175354004,2.7200000286102295,101.91999816894531
2020-11-19,4.679999828338623,4.451772212982178,2.7699999809265137,102.7300033569336
2020-11-23,4.570000171661377,4.410552024841309,2.75,103.27999877929688
2020-11-24,4.820000171661377,4.591920852661133,2.930000066757202,105.72000122070312
2020-11-25,4.800000190734863,4.575432777404785,2.9100000858306885,105.83000183105469
2020-11-27,4.639999866485596,4.534213066101074,2.9100000858306885,106.44000244140625
2020-11-30,4.539999961853027,4.410552024841309,2.819999933242798,105.0
2020-12-01,4.909999847412109,4.723824977874756,3.059999942779541,107.05000305175781
2020-12-02,4.960000038146973,4.756801128387451,3.200000047683716,107.75
2020-12-03,5.039999961853027,4.82275390625,3.2100000381469727,108.1500015258789
2020-12-04,5.090000152587891,4.896949768066406,3.4000000953674316,109.43000030517578
2020-12-07,5.099999904632568,4.946413993835449,3.2699999809265137,109.30999755859375
2020-12-08,5.03000020980835,4.90519380569458,3.309999942779541,109.44000244140625
2020-12-09,5.019999980926514,4.921681880950928,3.2899999618530273,108.7699966430664
2020-12-10,5.349999904632568,5.193735122680664,3.180000066757202,110.69999694824219
2020-12-11,5.300000190734863,5.144269943237305,3.0899999141693115,110.79000091552734
2020-12-14,5.21999979019165,4.987634181976318,3.130000114440918,110.19999694824219
2020-12-15,5.269999980926514,5.09480619430542,3.200000047683716,111.76000213623047
2020-12-16,5.389999866485596,5.17724609375,3.2100000381469727,113.3499984741211
2020-12-17,5.340000152587891,5.18549108505249,3.2300000190734863,113.98999786376953
2020-12-18,5.340000152587891,5.160758018493652,3.119999885559082,113.5
2020-12-21,5.159999847412109,5.012365818023682,3.009999990463257,111.43000030517578
2020-12-22,5.230000019073486,4.995878219604492,3.0399999618530273,112.25
2020-12-23,5.329999923706055,5.078318119049072,3.1500000953674316,113.13999938964844
2020-12-28,5.309999942779541,5.053586006164551,3.140000104904175,114.69999694824219
2020-12-29,5.269999980926514,5.078318119049072,3.119999885559082,114.97000122070312
2020-12-30,5.269999980926514,5.053586006164551,3.0999999046325684,115.55000305175781
2021-01-04,5.050000190734863,4.855730056762695,3.069999933242798,114.08999633789062
2021-01-05,5.0,4.82275390625,3.140000104904175,114.69000244140625
2021-01-06,5.119999885559082,4.946413993835449,3.359999895095825,114.55000305175781
2021-01-07,5.179999828338623,5.037097930908203,3.359999895095825,118.37000274658203
2021-01-08,5.110000133514404,5.004121780395508,3.369999885559082,120.4000015258789
2021-01-11,4.960000038146973,4.863974094390869,3.4200000762939453,118.62000274658203
2021-01-12,5.079999923706055,4.971146106719971,3.4600000381469727,119.44999694824219
2021-01-13,5.070000171661377,4.913437843322754,3.4200000762939453,117.36000061035156
2021-01-14,5.309999942779541,5.193735122680664,3.4200000762939453,118.68000030517578
2021-01-15,5.039999961853027,4.913437843322754,3.2899999618530273,115.77999877929688
2021-01-19,4.949999809265137,4.7815327644348145,3.2899999618530273,116.0
2021-01-20,4.929999828338623,4.723824977874756,3.2699999809265137,115.23999786376953
2021-01-21,4.78000020980835,4.600164890289307,3.2300000190734863,113.80999755859375
2021-01-22,4.590000152587891,4.451772212982178,3.140000104904175,113.18000030517578
2021-01-26,4.570000171661377,4.361087799072266,3.0899999141693115,112.08000183105469
2021-01-27,4.590000152587891,4.336356163024902,2.930000066757202,110.95999908447266
2021-01-28,4.679999828338623,4.460015773773193,3.009999990463257,114.51000213623047
2021-01-29,4.539999961853027,4.303380012512207,2.930000066757202,110.55999755859375
2021-02-01,4.610000133514404,4.410552024841309,2.950000047683716,113.05999755859375
2021-02-02,4.679999828338623,4.385819911956787,3.0899999141693115,113.8499984741211
2021-02-03,4.690000057220459,4.344600200653076,3.130000114440918,115.25
2021-02-04,4.789999961853027,4.311624050140381,3.2200000286102295,114.62000274658203
2021-02-05,4.840000152587891,4.311624050140381,3.3499999046325684,115.81999969482422
2021-02-08,4.760000228881836,4.229184150695801,3.440000057220459,115.18000030517578
2021-02-09,4.769999980926514,4.262159824371338,3.450000047683716,114.91000366210938
2021-02-10,4.710000038146973,4.253915786743164,3.440000057220459,113.91999816894531
2021-02-11,4.730000019073486,4.262159824371338,3.430000066757202,114.9000015258789
2021-02-12,4.690000057220459,4.262159824371338,3.4100000858306885,115.05000305175781
2021-02-17,4.690000057220459,4.311624050140381,3.5199999809265137,115.86000061035156
2021-02-18,4.619999885559082,4.245672225952148,3.509999990463257,114.61000061035156
2021-02-19,4.579999923706055,4.229184150695801,3.640000104904175,113.81999969482422
2021-02-22,4.21999979019165,3.8334710597991943,3.5299999713897705,108.25
2021-02-23,4.489999771118164,4.122012138366699,3.5999999046325684,110.76000213623047
2021-02-24,4.46999979019165,4.080790996551514,3.5999999046325684,111.45999908447266
2021-02-25,4.269999980926514,3.8746910095214844,3.559999942779541,107.52999877929688
2021-02-26,4.139999866485596,3.734541893005371,3.509999990463257,105.58999633789062
2021-03-01,3.9700000286102295,3.652101993560791,3.5299999713897705,105.94000244140625
2021-03-02,4.059999942779541,3.751030921936035,3.5299999713897705,107.5
2021-03-03,4.079999923706055,3.742785930633545,3.559999942779541,107.16000366210938
2021-03-04,4.21999979019165,3.849958896636963,3.5299999713897705,108.56999969482422
2021-03-05,4.400000095367432,3.9901070594787598,3.680000066757202,110.93000030517578
2021-03-08,4.130000114440918,3.7922511100769043,3.640000104904175,105.3499984741211
2021-03-09,4.230000019073486,3.8746910095214844,3.549999952316284,107.19000244140625
2021-03-10,4.369999885559082,3.940643072128296,3.569999933242798,108.62999725341797
2021-03-11,4.539999961853027,4.056058883666992,3.509999990463257,110.44999694824219
2021-03-12,4.480000019073486,4.006595134735107,3.5999999046325684,109.68000030517578
2021-03-15,4.46999979019165,3.9983510971069336,3.5399999618530273,110.66000366210938
2021-03-16,4.429999828338623,3.9241549968719482,3.490000009536743,109.69000244140625
2021-03-17,4.630000114440918,4.0890350341796875,3.5,112.05000305175781
2021-03-18,4.710000038146973,4.130256175994873,3.5199999809265137,110.5
2021-03-19,4.760000228881836,4.179719924926758,3.4700000286102295,111.69999694824219
2021-03-22,4.800000190734863,4.1962080001831055,3.430000066757202,110.69000244140625
2021-03-23,4.730000019073486,4.105523109436035,3.359999895095825,109.0199966430664
2021-03-24,4.619999885559082,3.973618984222412,3.369999885559082,107.87000274658203
2021-03-25,4.670000076293945,3.9983510971069336,3.390000104904175,109.37999725341797
2021-03-26,4.650000095367432,4.014839172363281,3.4600000381469727,110.27999877929688
2021-03-29,4.619999885559082,3.973618984222412,3.4100000858306885,110.95999908447266
2021-03-30,4.71999979019165,4.056058883666992,3.4700000286102295,112.43000030517578
2021-03-31,4.699999809265137,4.0890350341796875,3.430000066757202,112.0199966430664
2021-04-01,4.489999771118164,3.932399034500122,3.4200000762939453,110.68000030517578
2021-04-05,4.53000020980835,3.981863021850586,3.4700000286102295,113.20999908447266
2021-04-06,4.5,3.973618984222412,3.4800000190734863,113.2699966430664
2021-04-07,4.429999828338623,3.940643072128296,3.5399999618530273,113.18000030517578
2021-04-08,4.480000019073486,3.9076669216156006,3.509999990463257,113.75
2021-04-09,4.429999828338623,3.882935047149658,3.4600000381469727,113.01000213623047
2021-04-12,4.460000038146973,3.891179084777832,3.4700000286102295,114.4000015258789
2021-04-13,4.449999809265137,3.932399034500122,3.440000057220459,114.66999816894531
2021-04-14,4.53000020980835,4.014839172363281,3.4800000190734863,115.5999984741211
2021-04-15,4.539999961853027,4.023083209991455,3.430000066757202,116.19999694824219
2021-04-16,4.619999885559082,4.0890350341796875,3.4600000381469727,116.45999908447266
2021-04-19,4.239999771118164,4.0890350341796875,3.5399999618530273,116.33999633789062
2021-04-20,4.130000114440918,4.0395708084106445,3.4200000762939453,115.4800033569336
2021-04-22,4.210000038146973,4.113768100738525,3.369999885559082,114.94999694824219
2021-04-23,4.239999771118164,4.0890350341796875,3.430000066757202,115.97000122070312
2021-04-26,4.25,4.130256175994873,3.490000009536743,115.94999694824219
2021-04-27,4.260000228881836,4.064302921295166,3.6600000858306885,114.77999877929688
2021-04-28,4.550000190734863,4.295135974884033,3.7799999713897705,116.4000015258789
2021-04-29,4.420000076293945,4.171475887298584,3.8399999141693115,115.31999969482422
2021-04-30,4.349999904632568,4.122012138366699,3.809999942779541,114.4000015258789
2021-05-03,4.460000038146973,4.179719924926758,3.809999942779541,114.68000030517578
2021-05-04,4.340000152587891,4.0395708084106445,3.7899999618530273,113.2699966430664
2021-05-05,4.409999847412109,4.187963962554932,3.8399999141693115,115.1500015258789
2021-05-06,4.510000228881836,4.229184150695801,3.880000114440918,115.43000030517578
2021-05-07,4.590000152587891,4.336356163024902,3.9100000858306885,117.45999908447266
2021-05-10,4.679999828338623,4.394063949584961,3.9600000381469727,117.13999938964844
2021-05-11,4.679999828338623,4.385819911956787,3.930000066757202,118.12999725341797
2021-05-12,4.480000019073486,4.237428188323975,3.940000057220459,115.2699966430664
2021-05-13,4.599999904632568,4.3693318367004395,3.9600000381469727,116.04000091552734
2021-05-14,4.710000038146973,4.509480953216553,4.099999904632568,117.23999786376953
2021-05-17,4.690000057220459,4.501236915588379,4.059999942779541,118.30999755859375
2021-05-18,4.78000020980835,4.501236915588379,4.090000152587891,118.19000244140625
2021-05-19,4.769999980926514,4.484748840332031,4.039999961853027,118.01000213623047
2021-05-20,4.840000152587891,4.550701141357422,4.050000190734863,117.91000366210938
2021-05-21,4.809999942779541,4.501236915588379,4.110000133514404,118.01000213623047
2021-05-24,4.820000171661377,4.509480953216553,4.090000152587891,119.26000213623047
2021-05-25,4.769999980926514,4.427040100097656,4.090000152587891,118.4000015258789
2021-05-26,4.929999828338623,4.550701141357422,4.090000152587891,119.23999786376953
2021-05-27,5.019999980926514,4.583676815032959,4.21999979019165,119.58999633789062
2021-05-28,5.079999923706055,4.699092864990234,4.210000038146973,120.72000122070312
2021-06-01,5.230000019073486,4.839241981506348,4.260000228881836,123.33000183105469
2021-06-02,5.480000019073486,5.061830043792725,4.25,124.66999816894531
2021-06-04,5.550000190734863,5.226710796356201,4.230000019073486,125.05000305175781
2021-06-07,5.599999904632568,5.358614921569824,4.239999771118164,125.75
2021-06-08,5.610000133514404,5.383347034454346,4.159999847412109,124.70999908447266
2021-06-09,5.480000019073486,5.383347034454346,4.199999809265137,124.87999725341797
2021-06-10,5.5,5.35037088394165,4.239999771118164,125.0
2021-06-11,5.440000057220459,5.251442909240723,4.21999979019165,124.4800033569336
2021-06-14,5.489999771118164,5.251442909240723,4.210000038146973,125.1500015258789
2021-06-15,5.53000020980835,5.317395210266113,4.210000038146973,125.18000030517578
2021-06-16,5.550000190734863,5.3915910720825195,4.119999885559082,124.22000122070312
2021-06-17,5.53000020980835,5.375102996826172,4.03000020980835,123.08999633789062
2021-06-18,5.389999866485596,5.234954833984375,3.940000057220459,123.2699966430664
2021-06-21,5.46999979019165,5.292663097381592,3.9600000381469727,124.2300033569336
2021-06-22,5.429999828338623,5.292663097381592,3.9800000190734863,123.81999969482422
2021-06-23,5.429999828338623,5.234954833984375,3.950000047683716,123.54000091552734
2021-06-24,5.510000228881836,5.333882808685303,4.039999961853027,124.52999877929688
2021-06-25,5.300000190734863,5.119537830352783,4.059999942779541,122.5
2021-06-28,5.28000020980835,5.078318119049072,3.9600000381469727,122.44999694824219
2021-06-29,5.230000019073486,5.004121780395508,3.930000066757202,122.30999755859375
2021-06-30,5.130000114440918,4.954658031463623,3.9100000858306885,121.80999755859375
2021-07-01,5.0,4.82275390625,3.9600000381469727,120.7300033569336
2021-07-02,5.0,4.880462169647217,3.859999895095825,122.77999877929688
2021-07-06,4.679999828338623,4.591920852661133,3.759999990463257,120.30000305175781
2021-07-07,4.690000057220459,4.616652965545654,3.740000009536743,122.27999877929688
2021-07-08,4.630000114440918,4.583676815032959,3.640000104904175,120.66000366210938
2021-07-12,4.820000171661377,4.6908488273620605,3.759999990463257,122.77999877929688
2021-07-13,4.820000171661377,4.707336902618408,3.680000066757202,123.31999969482422
2021-07-14,4.909999847412109,4.798020839691162,3.7200000286102295,123.47000122070312
2021-07-15,4.820000171661377,4.723824977874756,3.700000047683716,122.80000305175781
2021-07-16,4.730000019073486,4.64962911605835,3.5799999237060547,121.1500015258789
2021-07-19,4.539999961853027,4.492992877960205,3.4600000381469727,119.73999786376953
2021-07-20,4.599999904632568,4.575432777404785,3.5,120.5999984741211
2021-07-21,4.639999866485596,4.64962911605835,3.640000104904175,121.12000274658203
2021-07-22,4.579999923706055,4.575432777404785,3.619999885559082,121.43000030517578
2021-07-23,4.570000171661377,4.550701141357422,3.6700000762939453,120.19999694824219
2021-07-26,4.639999866485596,4.6908488273620605,3.7799999713897705,121.19999694824219
2021-07-27,4.670000076293945,4.73206901550293,3.7300000190734863,119.76000213623047
2021-07-28,4.829999923706055,4.929925918579102,3.6600000858306885,121.44999694824219
2021-07-29,4.829999923706055,4.971146106719971,3.7799999713897705,120.7300033569336
2021-07-30,4.670000076293945,4.756801128387451,3.6700000762939453,117.11000061035156
2021-08-02,4.710000038146973,4.8474860191345215,3.6500000953674316,117.5999984741211
2021-08-03,4.699999809265137,4.863974094390869,3.740000009536743,118.7300033569336
2021-08-04,4.510000228881836,4.715580940246582,3.7200000286102295,116.95999908447266
2021-08-05,4.480000019073486,4.73206901550293,3.7300000190734863,116.93000030517578
2021-08-06,4.550000190734863,4.81450891494751,3.8499999046325684,118.23999786376953
2021-08-09,4.510000228881836,4.855730056762695,3.819999933242798,118.13999938964844
2021-08-10,4.5,4.839241981506348,3.859999895095825,117.56999969482422
2021-08-11,4.510000228881836,4.896949768066406,3.930000066757202,117.26000213623047
2021-08-12,4.429999828338623,4.765045166015625,3.890000104904175,115.87000274658203
2021-08-13,4.46999979019165,4.81450891494751,3.869999885559082,116.55999755859375
2021-08-16,4.360000133514404,4.6908488273620605,3.809999942779541,114.62999725341797
2021-08-17,4.349999904632568,4.699092864990234,3.700000047683716,113.3499984741211
2021-08-18,4.25,4.6084089279174805,3.700000047683716,112.05999755859375
2021-08-19,4.230000019073486,4.517724990844727,3.630000114440918,112.8499984741211
2021-08-20,4.230000019073486,4.542457103729248,3.6500000953674316,113.6500015258789
2021-08-23,4.239999771118164,4.600164890289307,3.680000066757202,113.05000305175781
2021-08-24,4.480000019073486,4.81450891494751,3.690000057220459,115.62999725341797
2021-08-25,4.5,4.880462169647217,3.809999942779541,116.13999938964844
2021-08-26,4.369999885559082,4.723824977874756,3.7300000190734863,114.06999969482422
2021-08-27,4.5,4.863974094390869,3.7699999809265137,116.18000030517578
2021-08-30,4.440000057220459,4.81450891494751,3.690000057220459,115.08000183105469
2021-08-31,4.480000019073486,4.888706207275391,3.690000057220459,114.08000183105469
2021-09-01,4.480000019073486,4.896949768066406,3.75,114.80000305175781
2021-09-02,4.320000171661377,4.7403130531311035,3.690000057220459,112.1500015258789
2021-09-03,4.269999980926514,4.674361228942871,3.6500000953674316,112.08999633789062
2021-09-08,3.9600000381469727,4.410552024841309,3.609999895095825,109.08000183105469
2021-09-09,4.019999980926514,4.484748840332031,3.630000114440918,111.51000213623047
2021-09-10,4.0,4.460015773773193,3.5799999237060547,109.87999725341797
2021-09-13,4.110000133514404,4.5671892166137695,3.690000057220459,112.12000274658203
2021-09-14,4.059999942779541,4.5259690284729,3.640000104904175,111.69999694824219
2021-09-15,4.010000228881836,4.468260765075684,3.6700000762939453,110.68000030517578
2021-09-16,3.940000057220459,4.427040100097656,3.700000047683716,109.44000244140625
2021-09-17,3.7899999618530273,4.319868087768555,3.5799999237060547,107.13999938964844
2021-09-20,3.609999895095825,4.16323184967041,3.4000000953674316,104.7699966430664
2021-09-21,3.7100000381469727,4.204452037811279,3.390000104904175,105.7699966430664
2021-09-22,3.7699999809265137,4.270403861999512,3.4800000190734863,107.98999786376953
2021-09-23,3.9100000858306885,4.443528175354004,3.630000114440918,109.5999984741211
2021-09-24,3.799999952316284,4.35284423828125,3.640000104904175,109.02999877929688
2021-09-27,3.880000114440918,4.451772212982178,3.75,108.88999938964844
2021-09-28,3.740000009536743,4.262159824371338,3.630000114440918,105.83000183105469
2021-09-29,3.8399999141693115,4.361087799072266,3.6700000762939453,106.83000183105469
2021-09-30,3.8299999237060547,4.344600200653076,3.619999885559082,106.48999786376953
2021-10-01,3.990000009536743,4.542457103729248,3.6500000953674316,108.48999786376953
2021-10-04,3.8399999141693115,4.449999809265137,3.6500000953674316,106.18000030517578
2021-10-05,3.859999895095825,4.53000020980835,3.7799999713897705,106.12000274658203
2021-10-06,3.9000000953674316,4.559999942779541,3.7699999809265137,106.37000274658203
2021-10-07,3.799999952316284,4.429999828338623,3.8299999237060547,106.41999816894531
2021-10-08,3.809999942779541,4.440000057220459,3.880000114440918,108.38999938964844
2021-10-11,3.7200000286102295,4.340000152587891,3.819999933242798,107.75
2021-10-13,3.7200000286102295,4.369999885559082,3.799999952316284,109.23999786376953
2021-10-14,3.680000066757202,4.320000171661377,3.8299999237060547,108.97000122070312
2021-10-15,3.9100000858306885,4.510000228881836,3.9000000953674316,110.22000122070312
2021-10-18,3.9200000762939453,4.480000019073486,3.880000114440918,109.94999694824219
2021-10-19,3.759999990463257,4.28000020980835,3.9200000762939453,106.80000305175781
2021-10-20,3.890000104904175,4.449999809265137,3.950000047683716,106.4000015258789
2021-10-21,3.75,4.300000190734863,3.880000114440918,103.6500015258789
2021-10-22,3.5999999046325684,4.130000114440918,3.869999885559082,102.33000183105469
2021-10-25,3.740000009536743,4.289999961853027,3.880000114440918,104.55000305175781
2021-10-26,3.640000104904175,4.210000038146973,3.9200000762939453,102.25
2021-10-27,3.680000066757202,4.230000019073486,3.7899999618530273,102.4000015258789
2021-10-28,3.6500000953674316,4.210000038146973,3.869999885559082,100.61000061035156
2021-10-29,3.5,4.070000171661377,3.7899999618530273,99.68000030517578
2021-11-01,3.630000114440918,4.230000019073486,3.9200000762939453,101.5199966430664
2021-11-03,3.630000114440918,4.300000190734863,3.859999895095825,102.0
2021-11-04,3.4100000858306885,4.059999942779541,3.7300000190734863,99.6500015258789
2021-11-05,3.609999895095825,4.099999904632568,3.7799999713897705,100.80999755859375
2021-11-08,3.5299999713897705,4.050000190734863,3.75,100.83000183105469
2021-11-09,3.5399999618530273,4.050000190734863,3.700000047683716,101.38999938964844
2021-11-10,3.7100000381469727,4.159999847412109,3.6700000762939453,102.0199966430664
2021-11-11,3.799999952316284,4.230000019073486,3.690000057220459,103.55000305175781
2021-11-12,3.8499999046325684,4.190000057220459,3.640000104904175,102.12999725341797
2021-11-16,3.7899999618530273,4.090000152587891,3.609999895095825,100.36000061035156
2021-11-17,3.75,4.099999904632568,3.5999999046325684,99.25
2021-11-18,3.700000047683716,3.9800000190734863,3.5299999713897705,98.6500015258789
2021-11-19,3.6700000762939453,3.930000066757202,3.440000057220459,99.2699966430664
2021-11-22,3.5999999046325684,3.9000000953674316,3.4700000286102295,98.23999786376953
2021-11-23,3.6500000953674316,3.9200000762939453,3.4600000381469727,100.0
2021-11-24,3.759999990463257,4.070000171661377,3.4000000953674316,100.66000366210938
2021-11-26,3.6500000953674316,4.03000020980835,3.200000047683716,98.38999938964844
2021-11-29,3.5799999237060547,4.010000228881836,3.1600000858306885,99.01000213623047
2021-11-30,3.5199999809265137,3.9200000762939453,3.109999895095825,98.3499984741211
2021-12-01,3.4600000381469727,3.8399999141693115,3.0899999141693115,97.08999633789062
2021-12-02,3.6700000762939453,4.059999942779541,3.1700000762939453,100.43000030517578
2021-12-03,3.630000114440918,3.9800000190734863,3.140000104904175,101.31999969482422
2021-12-06,3.7100000381469727,4.039999961853027,3.1700000762939453,103.0
2021-12-07,3.7200000286102295,4.039999961853027,3.180000066757202,103.62999725341797
2021-12-08,3.740000009536743,4.03000020980835,3.109999895095825,104.19999694824219
2021-12-09,3.619999885559082,3.880000114440918,3.009999990463257,102.13999938964844
2021-12-10,3.559999942779541,3.880000114440918,3.0299999713897705,103.7300033569336
2021-12-13,3.450000047683716,3.740000009536743,2.9600000381469727,103.5
2021-12-14,3.490000009536743,3.75,2.990000009536743,102.69999694824219
2021-12-15,3.509999990463257,3.75,2.9800000190734863,103.19999694824219
2021-12-16,3.559999942779541,3.8299999237060547,3.059999942779541,104.41000366210938
2021-12-17,3.4800000190734863,3.700000047683716,3.059999942779541,103.0999984741211
2021-12-20,3.3399999141693115,3.609999895095825,3.0899999141693115,101.0
2021-12-21,3.2899999618530273,3.619999885559082,3.130000114440918,101.41999816894531
2021-12-22,3.3399999141693115,3.7200000286102295,3.1700000762939453,101.43000030517578
2021-12-23,3.380000114440918,3.740000009536743,3.259999990463257,100.8499984741211
2021-12-27,3.440000057220459,3.7899999618530273,3.2899999618530273,101.5999984741211
2021-12-28,3.4000000953674316,3.7699999809265137,3.2899999618530273,101.05999755859375
2021-12-29,3.359999895095825,3.7200000286102295,3.2899999618530273,100.25
2021-12-30,3.4100000858306885,3.740000009536743,3.299999952316284,100.80000305175781
2022-01-03,3.4700000286102295,3.7799999713897705,3.359999895095825,99.93000030517578
2022-01-04,3.450000047683716,3.819999933242798,3.430000066757202,99.56999969482422
2022-01-05,3.380000114440918,3.740000009536743,3.4000000953674316,97.0999984741211
2022-01-06,3.490000009536743,3.8499999046325684,3.5399999618530273,97.8499984741211
2022-01-07,3.569999933242798,3.9800000190734863,3.5799999237060547,98.69999694824219
2022-01-10,3.5299999713897705,3.990000009536743,3.5899999141693115,98.43000030517578
2022-01-11,3.6500000953674316,4.119999885559082,3.609999895095825,100.0999984741211
2022-01-12,3.6500000953674316,4.150000095367432,3.5999999046325684,101.91000366210938
2022-01-13,3.700000047683716,4.230000019073486,3.5999999046325684,101.55000305175781
2022-01-14,3.7699999809265137,4.25,3.690000057220459,103.06999969482422
2022-01-18,3.7699999809265137,4.199999809265137,3.5999999046325684,102.8499984741211
2022-01-19,3.8499999046325684,4.25,3.5399999618530273,104.05000305175781
2022-01-20,3.8499999046325684,4.21999979019165,3.5199999809265137,104.9000015258789
2022-01-21,3.819999933242798,4.21999979019165,3.4600000381469727,104.69999694824219
2022-01-24,3.869999885559082,4.199999809265137,3.390000104904175,104.08000183105469
2022-01-25,4.050000190734863,4.389999866485596,3.440000057220459,106.33000183105469
2022-01-26,4.070000171661377,4.449999809265137,3.5199999809265137,107.38999938964844
2022-01-27,4.099999904632568,4.460000038146973,3.549999952316284,108.19999694824219
2022-01-28,4.159999847412109,4.559999942779541,3.549999952316284,107.58000183105469
2022-01-31,4.289999961853027,4.71999979019165,3.5199999809265137,107.9800033569336
2022-02-01,4.340000152587891,4.789999961853027,3.619999885559082,109.1500015258789
2022-02-02,4.210000038146973,4.71999979019165,3.640000104904175,107.69000244140625
2022-02-03,4.269999980926514,4.739999771118164,3.759999990463257,107.7699966430664
2022-02-04,4.289999961853027,4.75,3.809999942779541,108.0199966430664
2022-02-07,4.300000190734863,4.760000228881836,3.809999942779541,107.72000122070312
2022-02-08,4.309999942779541,4.809999942779541,3.9100000858306885,108.2300033569336
2022-02-09,3.930000066757202,4.630000114440918,3.940000057220459,108.2300033569336
2022-02-10,3.9800000190734863,4.699999809265137,3.9800000190734863,109.0999984741211
2022-02-11,4.0,5.0,3.8499999046325684,109.30999755859375
2022-02-14,3.990000009536743,5.059999942779541,3.809999942779541,109.5199966430664
2022-02-15,4.070000171661377,5.139999866485596,3.9100000858306885,110.5999984741211
2022-02-16,4.130000114440918,5.110000133514404,3.869999885559082,110.7699966430664
2022-02-17,4.039999961853027,5.010000228881836,3.7899999618530273,109.0999984741211
2022-02-18,4.119999885559082,5.059999942779541,3.7899999618530273,108.51000213623047
2022-02-22,4.090000152587891,5.039999961853027,3.75,109.0
2022-02-23,4.139999866485596,5.019999980926514,3.6600000858306885,107.58000183105469
2022-02-24,3.9100000858306885,4.869999885559082,3.430000066757202,107.4800033569336
2022-02-25,3.9100000858306885,4.869999885559082,3.5399999618530273,108.9000015258789
2022-03-02,3.9000000953674316,4.860000133514404,3.2899999618530273,111.0999984741211
2022-03-03,4.039999961853027,4.929999828338623,3.190000057220459,111.0199966430664
2022-03-04,3.880000114440918,4.840000152587891,2.9600000381469727,110.4000015258789
2022-03-07,3.7300000190734863,4.670000076293945,2.799999952316284,107.11000061035156
2022-03-08,3.859999895095825,4.699999809265137,3.0,107.29000091552734
2022-03-09,4.110000133514404,4.949999809265137,3.190000057220459,109.77999877929688
2022-03-10,4.099999904632568,4.96999979019165,3.130000114440918,109.4000015258789
2022-03-11,4.03000020980835,4.849999904632568,3.069999933242798,107.69999694824219
2022-03-14,4.019999980926514,4.849999904632568,3.180000066757202,106.04000091552734
2022-03-15,3.9700000286102295,4.840000152587891,3.259999990463257,104.9000015258789
2022-03-16,4.099999904632568,4.96999979019165,3.430000066757202,107.13999938964844
2022-03-17,4.150000095367432,5.139999866485596,3.4700000286102295,108.69999694824219
2022-03-18,4.179999828338623,5.21999979019165,3.4100000858306885,110.7300033569336
2022-03-21,4.320000171661377,5.420000076293945,3.440000057220459,111.94000244140625
2022-03-22,4.409999847412109,5.519999980926514,3.4700000286102295,113.0999984741211
2022-03-23,4.440000057220459,5.579999923706055,3.4000000953674316,112.9000015258789
2022-03-24,4.519999980926514,5.639999866485596,3.369999885559082,114.73999786376953
2022-03-25,4.639999866485596,5.71999979019165,3.390000104904175,114.75
2022-03-28,4.610000133514404,5.679999828338623,3.4000000953674316,114.51000213623047
2022-03-29,4.699999809265137,5.800000190734863,3.559999942779541,115.75
2022-03-30,4.659999847412109,5.78000020980835,3.4700000286102295,115.9000015258789
2022-03-31,4.639999866485596,5.710000038146973,3.380000114440918,115.5999984741211
2022-04-01,4.670000076293945,5.849999904632568,3.4800000190734863,117.19999694824219
2022-04-04,4.699999809265137,5.860000133514404,3.490000009536743,116.80000305175781
2022-04-05,4.519999980926514,5.659999847412109,3.390000104904175,114.51000213623047
2022-04-06,4.449999809265137,5.610000133514404,3.309999942779541,113.87000274658203
2022-04-07,4.440000057220459,5.579999923706055,3.3499999046325684,114.6500015258789
2022-04-08,4.489999771118164,5.579999923706055,3.369999885559082,113.9800033569336
2022-04-11,4.519999980926514,5.630000114440918,3.380000114440918,112.56999969482422
2022-04-12,4.5,5.510000228881836,3.3499999046325684,111.7699966430664
2022-04-13,4.550000190734863,5.559999942779541,3.390000104904175,112.5199966430664
2022-04-14,4.5,5.539999961853027,3.390000104904175,111.6500015258789
2022-04-18,4.610000133514404,5.610000133514404,3.4000000953674316,111.45999908447266
2022-04-19,4.159999847412109,5.53000020980835,3.430000066757202,110.91999816894531
2022-04-20,4.170000076293945,5.599999904632568,3.4600000381469727,110.05000305175781
2022-04-22,3.930000066757202,5.269999980926514,3.369999885559082,106.75
2022-04-25,3.859999895095825,5.179999828338623,3.3299999237060547,106.76000213623047
2022-04-26,3.630000114440918,4.909999847412109,3.0299999713897705,104.27999877929688
2022-04-27,3.6500000953674316,4.880000114440918,2.9600000381469727,105.5199966430664
2022-04-28,3.640000104904175,4.880000114440918,2.9100000858306885,105.86000061035156
2022-04-29,3.5999999046325684,4.789999961853027,2.880000114440918,103.4000015258789
2022-05-02,3.4800000190734863,4.639999866485596,2.869999885559082,102.72000122070312
2022-05-03,3.5999999046325684,4.760000228881836,2.9600000381469727,102.72000122070312
2022-05-04,3.6700000762939453,4.78000020980835,3.0299999713897705,104.37999725341797
2022-05-05,3.490000009536743,4.599999904632568,2.819999933242798,101.5
2022-05-06,3.549999952316284,4.650000095367432,2.7899999618530273,101.2300033569336
2022-05-09,3.5,4.46999979019165,2.75,99.68000030517578
2022-05-10,3.5899999141693115,4.510000228881836,2.7699999809265137,99.23999786376953
2022-05-11,3.619999885559082,4.619999885559082,2.75,100.63999938964844
2022-05-12,3.6700000762939453,4.730000019073486,2.7200000286102295,102.04000091552734
2022-05-13,3.7799999713897705,4.849999904632568,2.8399999141693115,103.29000091552734
2022-05-16,3.8399999141693115,4.929999828338623,2.8299999237060547,104.4000015258789
2022-05-17,3.950000047683716,5.039999961853027,2.930000066757202,104.9000015258789
2022-05-18,3.869999885559082,4.949999809265137,2.8399999141693115,102.20999908447266
2022-05-19,3.890000104904175,5.010000228881836,2.890000104904175,103.08000183105469
2022-05-20,3.990000009536743,5.090000152587891,2.859999895095825,104.66000366210938
2022-05-23,4.119999885559082,5.300000190734863,3.0199999809265137,106.76000213623047
2022-05-24,4.190000057220459,5.389999866485596,3.109999895095825,106.63999938964844
2022-05-25,4.139999866485596,5.289999961853027,3.140000104904175,106.66000366210938
2022-05-26,4.21999979019165,5.409999847412109,3.1700000762939453,108.0199966430664
2022-05-27,4.289999961853027,5.460000038146973,3.2300000190734863,107.9000015258789
2022-05-31,4.25,5.480000019073486,3.2100000381469727,107.18000030517578
2022-06-01,4.150000095367432,5.340000152587891,3.1600000858306885,107.47000122070312
2022-06-02,4.139999866485596,5.369999885559082,3.200000047683716,108.43000030517578
2022-06-03,4.099999904632568,5.329999923706055,3.1600000858306885,107.4800033569336
2022-06-06,4.099999904632568,5.28000020980835,3.2100000381469727,106.41999816894531
2022-06-07,4.03000020980835,5.230000019073486,3.2100000381469727,106.1500015258789
2022-06-08,3.950000047683716,5.099999904632568,3.1500000953674316,104.5999984741211
2022-06-09,3.890000104904175,4.949999809265137,3.009999990463257,103.68000030517578
2022-06-10,3.7799999713897705,4.769999980926514,2.8299999237060547,101.81999969482422
2022-06-13,3.640000104904175,4.570000171661377,2.7200000286102295,99.12000274658203
2022-06-14,3.5899999141693115,4.539999961853027,2.700000047683716,98.36000061035156
2022-06-15,3.6600000858306885,4.639999866485596,2.809999942779541,99.37999725341797
2022-06-17,3.549999952316284,4.489999771118164,2.819999933242798,96.20999908447266
2022-06-21,3.5799999237060547,4.650000095367432,2.9000000953674316,96.4000015258789
2022-06-22,3.5399999618530273,4.570000171661377,2.9200000762939453,96.02999877929688
2022-06-23,3.4100000858306885,4.420000076293945,2.859999895095825,94.66000366210938
2022-06-24,3.369999885559082,4.389999866485596,2.9100000858306885,95.47000122070312
2022-06-27,3.4600000381469727,4.46999979019165,2.9100000858306885,97.3499984741211
2022-06-28,3.3499999046325684,4.369999885559082,2.880000114440918,97.05000305175781
2022-06-29,3.369999885559082,4.380000114440918,2.8499999046325684,96.0
2022-06-30,3.259999990463257,4.28000020980835,2.799999952316284,95.0
2022-07-01,3.2300000190734863,4.25,2.819999933242798,95.62999725341797
2022-07-05,3.1700000762939453,4.190000057220459,2.700000047683716,94.80000305175781
2022-07-06,3.109999895095825,4.130000114440918,2.609999895095825,95.41999816894531
2022-07-07,3.2300000190734863,4.239999771118164,2.6600000858306885,97.37999725341797
2022-07-08,3.25,4.289999961853027,2.6600000858306885,96.87999725341797
2022-07-11,3.140000104904175,4.139999866485596,2.5799999237060547,94.80000305175781
2022-07-12,3.109999895095825,4.079999923706055,2.430000066757202,94.9000015258789
2022-07-13,3.0799999237060547,4.099999904632568,2.430000066757202,94.51000213623047
2022-07-14,2.950000047683716,4.0,2.309999942779541,92.55000305175781
2022-07-15,3.0199999809265137,4.130000114440918,2.3399999141693115,93.2699966430664
2022-07-18,3.059999942779541,4.190000057220459,2.4000000953674316,93.37000274658203
2022-07-19,3.130000114440918,4.309999942779541,2.5399999618530273,94.69999694824219
2022-07-20,3.0999999046325684,4.260000228881836,2.440000057220459,94.94999694824219
2022-07-21,3.130000114440918,4.260000228881836,2.4800000190734863,95.3499984741211
2022-07-22,3.059999942779541,4.190000057220459,2.450000047683716,95.41999816894531
2022-07-25,3.190000057220459,4.349999904632568,2.4800000190734863,96.75
2022-07-26,3.1600000858306885,4.340000152587891,2.440000057220459,96.1500015258789
2022-07-27,3.25,4.440000057220459,2.5199999809265137,97.83000183105469
2022-07-28,3.309999942779541,4.559999942779541,2.450000047683716,99.0999984741211
2022-07-29,3.319999933242798,4.5,2.4700000286102295,99.30000305175781
2022-08-01,3.309999942779541,4.489999771118164,2.440000057220459,98.55999755859375
2022-08-02,3.299999952316284,4.440000057220459,2.380000114440918,99.52999877929688
2022-08-03,3.359999895095825,4.480000019073486,2.4700000286102295,100.19999694824219
2022-08-04,3.4200000762939453,4.650000095367432,2.4800000190734863,102.4800033569336
2022-08-05,3.569999933242798,4.789999961853027,2.5199999809265137,102.73999786376953
2022-08-08,3.5799999237060547,4.889999866485596,2.5399999618530273,104.80000305175781
2022-08-09,3.630000114440918,5.0,2.5799999237060547,105.05000305175781
2022-08-10,3.7100000381469727,5.139999866485596,2.6600000858306885,106.55999755859375
2022-08-11,3.700000047683716,5.070000171661377,2.680000066757202,105.87999725341797
2022-08-12,3.7899999618530273,5.210000038146973,2.7100000381469727,108.63999938964844
2022-08-15,3.809999942779541,5.25,2.6700000762939453,108.97000122070312
2022-08-16,3.799999952316284,5.25,2.690000057220459,109.76000213623047
2022-08-17,3.799999952316284,5.25,2.640000104904175,109.98999786376953
2022-08-18,3.799999952316284,5.210000038146973,2.630000114440918,109.94000244140625
2022-08-19,3.759999990463257,5.099999904632568,2.5199999809265137,107.52999877929688
2022-08-22,3.690000057220459,5.059999942779541,2.4700000286102295,106.7300033569336
2022-08-23,3.7699999809265137,5.119999885559082,2.4800000190734863,109.0999984741211
2022-08-24,3.759999990463257,5.139999866485596,2.4700000286102295,109.18000030517578
2022-08-25,3.809999942779541,5.210000038146973,2.4600000381469727,109.5999984741211
2022-08-26,3.7899999618530273,5.190000057220459,2.369999885559082,108.36000061035156
2022-08-29,3.869999885559082,5.25,2.430000066757202,108.4000015258789
2022-08-30,3.7799999713897705,5.130000114440918,2.4600000381469727,106.4000015258789
2022-08-31,3.630000114440918,4.940000057220459,2.4100000858306885,105.83000183105469
2022-09-01,3.640000104904175,4.96999979019165,2.380000114440918,106.58999633789062
2022-09-02,3.680000066757202,5.070000171661377,2.3499999046325684,107.08999633789062
2022-09-06,3.6600000858306885,5.059999942779541,2.369999885559082,105.94999694824219
2022-09-08,3.6600000858306885,5.050000190734863,2.430000066757202,106.18000030517578
2022-09-09,3.740000009536743,5.170000076293945,2.549999952316284,108.4000015258789
2022-09-12,3.799999952316284,5.269999980926514,2.640000104904175,109.55000305175781
2022-09-13,3.7100000381469727,5.119999885559082,2.5399999618530273,106.9800033569336
2022-09-14,3.7200000286102295,5.130000114440918,2.549999952316284,106.75
2022-09-15,3.6600000858306885,5.079999923706055,2.630000114440918,106.11000061035156
2022-09-16,3.5799999237060547,5.050000190734863,2.630000114440918,105.5999984741211
2022-09-19,3.7699999809265137,5.309999942779541,2.619999885559082,108.22000122070312
2022-09-20,3.890000104904175,5.480000019073486,2.5799999237060547,108.8499984741211
2022-09-21,3.8299999237060547,5.400000095367432,2.5,108.16000366210938
2022-09-22,3.9600000381469727,5.599999904632568,2.5199999809265137,110.12999725341797
2022-09-23,3.819999933242798,5.369999885559082,2.4200000762939453,107.83999633789062
2022-09-26,3.680000066757202,5.139999866485596,2.3399999141693115,105.12999725341797
2022-09-27,3.680000066757202,5.119999885559082,2.309999942779541,104.68000030517578
2022-09-28,3.6700000762939453,5.110000133514404,2.359999895095825,104.81999969482422
2022-09-29,3.700000047683716,5.199999809265137,2.309999942779541,103.80000305175781
2022-09-30,3.680000066757202,5.170000076293945,2.319999933242798,106.45999908447266
2022-10-03,4.059999942779541,5.730000019073486,2.4200000762939453,112.4000015258789
2022-10-04,4.090000152587891,5.730000019073486,2.640000104904175,112.3499984741211
2022-10-05,4.119999885559082,5.739999771118164,2.5299999713897705,113.31999969482422
2022-10-06,4.039999961853027,5.579999923706055,2.4800000190734863,113.47000122070312
2022-10-07,3.950000047683716,5.559999942779541,2.450000047683716,112.77999877929688
2022-10-10,3.880000114440918,5.53000020980835,2.4200000762939453,112.08000183105469
2022-10-11,3.8399999141693115,5.440000057220459,2.369999885559082,110.88999938964844
2022-10-13,3.7799999713897705,5.389999866485596,2.4600000381469727,110.26000213623047
2022-10-14,3.7100000381469727,5.340000152587891,2.430000066757202,108.22000122070312
2022-10-17,3.75,5.420000076293945,2.509999990463257,109.9000015258789
2022-10-18,3.799999952316284,5.579999923706055,2.5999999046325684,111.94000244140625
2022-10-19,3.7899999618530273,5.579999923706055,2.559999942779541,112.3499984741211
2022-10-20,3.859999895095825,5.71999979019165,2.5799999237060547,112.9000015258789
2022-10-21,3.990000009536743,5.989999771118164,2.619999885559082,116.43000030517578
2022-10-24,3.740000009536743,5.559999942779541,2.680000066757202,112.13999938964844
2022-10-25,3.680000066757202,5.5,2.740000009536743,110.4800033569336
2022-10-26,3.5,5.329999923706055,2.690000057220459,108.77999877929688
2022-10-27,3.609999895095825,5.5,2.609999895095825,110.0
2022-10-28,3.5899999141693115,5.519999980926514,2.680000066757202,113.0
2022-10-31,3.7899999618530273,5.820000171661377,2.609999895095825,112.1500015258789
2022-11-01,3.869999885559082,5.929999828338623,2.640000104904175,112.80999755859375
2022-11-03,3.819999933242798,5.889999866485596,2.5299999713897705,113.0999984741211
2022-11-04,3.8399999141693115,5.96999979019165,2.690000057220459,114.0
2022-11-07,3.619999885559082,5.699999809265137,2.6700000762939453,111.22000122070312
2022-11-08,3.609999895095825,5.71999979019165,2.6700000762939453,112.30000305175781
2022-11-09,2.940000057220459,5.369999885559082,2.609999895095825,109.75
2022-11-10,2.7300000190734863,5.050000190734863,2.609999895095825,106.0999984741211
2022-11-11,2.8499999046325684,4.96999979019165,2.6500000953674316,108.55000305175781
2022-11-14,2.819999933242798,4.949999809265137,2.6500000953674316,109.23999786376953
2022-11-16,2.7899999618530273,4.840000152587891,2.6600000858306885,106.04000091552734
2022-11-17,2.859999895095825,4.840000152587891,2.640000104904175,105.69000244140625
2022-11-18,2.9000000953674316,4.940000057220459,2.680000066757202,104.8499984741211
2022-11-21,2.890000104904175,4.989999771118164,2.75,106.08000183105469
2022-11-22,2.8499999046325684,4.860000133514404,2.8499999046325684,105.06999969482422
2022-11-23,2.8499999046325684,4.829999923706055,2.8499999046325684,105.23999786376953
2022-11-25,2.8499999046325684,4.860000133514404,2.9200000762939453,105.06999969482422
2022-11-28,2.8399999141693115,4.739999771118164,2.869999885559082,105.1500015258789
2022-11-29,2.9000000953674316,4.809999942779541,2.9100000858306885,107.29000091552734
2022-11-30,2.9700000286102295,4.980000019073486,2.9600000381469727,108.58000183105469
2022-12-01,2.940000057220459,4.96999979019165,2.940000057220459,107.05999755859375
2022-12-02,2.950000047683716,5.039999961853027,2.950000047683716,107.94999694824219
2022-12-05,2.7799999713897705,4.800000190734863,2.9100000858306885,105.62999725341797
2022-12-06,2.869999885559082,4.940000057220459,2.930000066757202,106.73999786376953
2022-12-07,2.8499999046325684,4.940000057220459,2.930000066757202,105.58999633789062
2022-12-08,2.759999990463257,4.730000019073486,2.9100000858306885,103.56999969482422
2022-12-09,2.700000047683716,4.579999923706055,2.9100000858306885,103.9000015258789
2022-12-12,2.6700000762939453,4.539999961853027,2.9100000858306885,101.80000305175781
2022-12-13,2.549999952316284,4.329999923706055,2.950000047683716,100.30000305175781
2022-12-14,2.640000104904175,4.360000133514404,2.9100000858306885,100.69999694824219
2022-12-15,2.5799999237060547,4.360000133514404,2.8299999237060547,100.5
2022-12-16,2.5799999237060547,4.429999828338623,2.869999885559082,99.4000015258789
2022-12-19,2.680000066757202,4.579999923706055,2.8399999141693115,101.37000274658203
2022-12-20,2.809999942779541,4.71999979019165,2.950000047683716,103.55000305175781
2022-12-21,2.8399999141693115,4.760000228881836,3.0,103.87000274658203
2022-12-22,2.869999885559082,4.769999980926514,2.9600000381469727,103.93000030517578
2022-12-23,2.930000066757202,4.869999885559082,2.940000057220459,106.0
2022-12-27,2.759999990463257,4.590000152587891,2.950000047683716,104.9000015258789
2022-12-28,2.9000000953674316,4.75,2.930000066757202,106.80000305175781
2022-12-29,2.9100000858306885,4.71999979019165,2.9800000190734863,105.94999694824219
2023-01-03,2.559999942779541,4.340000152587891,3.0,100.4800033569336
2023-01-04,2.5799999237060547,4.369999885559082,3.119999885559082,101.91999816894531
2023-01-05,2.7300000190734863,4.599999904632568,3.109999895095825,104.2699966430664
2023-01-06,2.859999895095825,4.78000020980835,3.200000047683716,105.5
2023-01-09,2.7699999809265137,4.820000171661377,3.2100000381469727,105.3499984741211
2023-01-10,2.9000000953674316,4.96999979019165,3.240000009536743,107.18000030517578
2023-01-11,2.9600000381469727,5.070000171661377,3.2200000286102295,109.0999984741211
2023-01-12,2.9100000858306885,5.059999942779541,3.309999942779541,108.26000213623047
2023-01-13,2.9200000762939453,5.03000020980835,3.369999885559082,107.3499984741211
2023-01-17,2.869999885559082,5.099999904632568,3.3299999237060547,107.80000305175781
2023-01-18,2.869999885559082,5.110000133514404,3.3299999237060547,108.33000183105469
2023-01-19,2.869999885559082,5.099999904632568,3.2899999618530273,109.11000061035156
2023-01-20,2.819999933242798,4.960000038146973,3.3499999046325684,108.44999694824219
2023-01-23,2.7100000381469727,4.860000133514404,3.3499999046325684,107.9000015258789
2023-01-24,2.7799999713897705,4.909999847412109,3.3299999237060547,109.43000030517578
2023-01-25,2.7799999713897705,5.019999980926514,3.3399999141693115,110.6500015258789
2023-01-26,2.799999952316284,4.989999771118164,3.450000047683716,110.41999816894531
2023-01-27,2.690000057220459,4.849999904632568,3.4100000858306885,108.4000015258789
2023-01-30,2.700000047683716,4.829999923706055,3.4100000858306885,108.69999694824219
2023-01-31,2.7899999618530273,4.980000019073486,3.450000047683716,109.83999633789062
2023-02-01,2.7200000286102295,4.909999847412109,3.509999990463257,108.4000015258789
2023-02-02,2.7899999618530273,4.980000019073486,3.7300000190734863,106.30000305175781
2023-02-03,2.6700000762939453,4.869999885559082,3.7100000381469727,104.87000274658203
2023-02-06,2.6600000858306885,4.869999885559082,3.6500000953674316,105.25
2023-02-07,2.619999885559082,4.670000076293945,3.75,104.0999984741211
2023-02-08,2.75,5.090000152587891,3.740000009536743,106.33999633789062
2023-02-09,2.6500000953674316,4.869999885559082,3.7300000190734863,104.44000244140625
2023-02-10,2.450000047683716,4.920000076293945,3.6500000953674316,104.75
2023-02-13,2.5799999237060547,5.150000095367432,3.700000047683716,105.47000122070312
2023-02-14,2.569999933242798,5.050000190734863,3.75,104.43000030517578
2023-02-15,2.6700000762939453,5.130000114440918,3.7100000381469727,106.05000305175781
2023-02-16,2.690000057220459,5.130000114440918,3.75,106.5
2023-02-17,2.7200000286102295,5.150000095367432,3.740000009536743,105.55999755859375
2023-02-22,2.680000066757202,5.050000190734863,3.6500000953674316,103.5999984741211
2023-02-23,2.7100000381469727,5.119999885559082,3.700000047683716,104.1500015258789
2023-02-24,2.5799999237060547,4.889999866485596,3.6700000762939453,102.37999725341797
2023-02-27,2.5399999618530273,4.829999923706055,3.75,102.29000091552734
2023-02-28,2.5299999713897705,4.809999942779541,3.9100000858306885,101.1500015258789
2023-03-01,2.5299999713897705,4.880000114440918,3.9100000858306885,101.19999694824219
2023-03-02,2.5,4.579999923706055,3.869999885559082,99.94000244140625
2023-03-03,2.4800000190734863,4.599999904632568,4.010000228881836,100.41999816894531
2023-03-06,2.5999999046325684,4.769999980926514,4.059999942779541,101.47000122070312
2023-03-07,2.6500000953674316,4.75,3.9200000762939453,100.9000015258789
2023-03-08,2.75,4.860000133514404,3.9800000190734863,103.22000122070312
2023-03-09,2.75,4.760000228881836,3.890000104904175,101.55999755859375
2023-03-10,2.619999885559082,4.559999942779541,3.7300000190734863,100.20999908447266
2023-03-13,2.559999942779541,4.480000019073486,3.5299999713897705,99.77999877929688
2023-03-14,2.549999952316284,4.480000019073486,3.630000114440918,99.58000183105469
2023-03-15,2.569999933242798,4.409999847412109,3.4200000762939453,99.38999938964844
2023-03-16,2.6700000762939453,4.539999961853027,3.5199999809265137,100.0
2023-03-17,2.5299999713897705,4.409999847412109,3.2899999618530273,98.8499984741211
2023-03-20,2.509999990463257,4.400000095367432,3.4000000953674316,97.69999694824219
2023-03-21,2.509999990463257,4.510000228881836,3.5899999141693115,97.93000030517578
2023-03-22,2.490000009536743,4.480000019073486,3.559999942779541,97.02999877929688
2023-03-23,2.380000114440918,4.329999923706055,3.490000009536743,94.58000183105469
2023-03-24,2.4100000858306885,4.369999885559082,3.450000047683716,95.86000061035156
2023-03-27,2.4800000190734863,4.519999980926514,3.5299999713897705,96.54000091552734
2023-03-28,2.509999990463257,4.559999942779541,3.569999933242798,98.02999877929688
2023-03-29,2.5199999809265137,4.639999866485596,3.6600000858306885,98.55000305175781
2023-03-30,2.630000114440918,4.800000190734863,3.7100000381469727,100.47000122070312
2023-03-31,2.619999885559082,4.869999885559082,3.690000057220459,98.48999786376953
2023-04-03,2.5399999618530273,4.710000038146973,3.7300000190734863,98.30000305175781
2023-04-04,2.5899999141693115,4.820000171661377,3.75,98.51000213623047
2023-04-05,2.640000104904175,4.820000171661377,3.7100000381469727,97.62999725341797
2023-04-06,2.5899999141693115,4.800000190734863,3.799999952316284,97.58999633789062
2023-04-10,2.619999885559082,4.829999923706055,3.809999942779541,98.66000366210938
2023-04-11,2.7799999713897705,5.070000171661377,3.7300000190734863,102.91000366210938
2023-04-12,2.8299999237060547,5.199999809265137,3.7899999618530273,103.3499984741211
2023-04-13,2.809999942779541,5.159999847412109,3.8299999237060547,102.93000030517578
2023-04-14,2.809999942779541,5.260000228881836,3.9200000762939453,103.04000091552734
2023-04-17,2.7899999618530273,5.210000038146973,3.880000114440918,102.70999908447266
2023-04-18,2.759999990463257,5.159999847412109,3.9200000762939453,102.69999694824219
2023-04-19,2.6500000953674316,5.0,3.940000057220459,100.4800033569336
2023-04-20,2.700000047683716,5.019999980926514,3.890000104904175,101.0
2023-04-24,2.680000066757202,5.0,3.859999895095825,100.62000274658203
2023-04-25,2.7200000286102295,5.019999980926514,3.569999933242798,99.91999816894531
2023-04-26,2.680000066757202,4.989999771118164,3.559999942779541,99.01000213623047
2023-04-27,2.7699999809265137,5.139999866485596,3.609999895095825,99.52999877929688
2023-04-28,2.799999952316284,5.150000095367432,3.4700000286102295,100.9000015258789
2023-05-02,2.7200000286102295,4.909999847412109,3.380000114440918,98.48999786376953
2023-05-03,2.7699999809265137,4.929999828338623,3.4100000858306885,98.5999984741211
2023-05-04,2.819999933242798,4.949999809265137,3.3499999046325684,98.94999694824219
2023-05-05,3.009999990463257,5.21999979019165,3.450000047683716,101.91000366210938
2023-05-08,3.0799999237060547,5.190000057220459,3.4800000190734863,102.48999786376953
2023-05-09,3.0799999237060547,5.289999961853027,3.4800000190734863,103.80000305175781
2023-05-10,3.109999895095825,5.429999828338623,3.430000066757202,103.97000122070312
2023-05-11,3.130000114440918,5.449999809265137,3.4000000953674316,104.81999969482422
2023-05-12,3.1700000762939453,5.420000076293945,3.380000114440918,105.05000305175781
2023-05-15,3.240000009536743,5.489999771118164,3.4000000953674316,105.47000122070312
2023-05-16,3.180000066757202,5.409999847412109,3.369999885559082,104.62999725341797
2023-05-17,3.200000047683716,5.489999771118164,3.4200000762939453,106.01000213623047
2023-05-18,3.180000066757202,5.429999828338623,3.4200000762939453,106.75
2023-05-19,3.2300000190734863,5.340000152587891,3.4200000762939453,107.16000366210938
2023-05-22,3.2300000190734863,5.260000228881836,3.4700000286102295,106.55000305175781
2023-05-23,3.25,5.269999980926514,3.430000066757202,106.44000244140625
2023-05-24,3.1600000858306885,5.300000190734863,3.3299999237060547,105.2699966430664
2023-05-25,3.240000009536743,5.400000095367432,3.3499999046325684,106.55000305175781
2023-05-26,3.240000009536743,5.380000114440918,3.4000000953674316,107.51000213623047
2023-05-30,3.130000114440918,5.230000019073486,3.2899999618530273,105.37999725341797
2023-05-31,3.0799999237060547,5.139999866485596,3.2100000381469727,104.83999633789062
2023-06-01,3.1700000762939453,5.289999961853027,3.299999952316284,107.19999694824219
2023-06-02,3.259999990463257,5.409999847412109,3.4200000762939453,109.0199966430664
2023-06-05,3.3299999237060547,5.460000038146973,3.4000000953674316,109.13999938964844
2023-06-06,3.380000114440918,5.510000228881836,3.440000057220459,111.06999969482422
2023-06-07,3.369999885559082,5.510000228881836,3.440000057220459,111.77999877929688
2023-06-09,3.4700000286102295,5.670000076293945,3.430000066757202,113.20999908447266
2023-06-12,3.430000066757202,5.619999885559082,3.4200000762939453,113.63999938964844
2023-06-13,3.4600000381469727,5.679999828338623,3.450000047683716,112.94000244140625
2023-06-14,3.5,5.800000190734863,3.490000009536743,115.11000061035156
2023-06-15,3.5199999809265137,5.900000095367432,3.5,115.4000015258789
2023-06-16,3.509999990463257,5.900000095367432,3.490000009536743,114.9000015258789
2023-06-20,3.619999885559082,5.980000019073486,3.4600000381469727,115.81999969482422
2023-06-21,3.6500000953674316,6.059999942779541,3.4800000190734863,116.2699966430664
2023-06-22,3.5299999713897705,5.989999771118164,3.430000066757202,115.26000213623047
2023-06-23,3.490000009536743,5.940000057220459,3.319999933242798,115.30999755859375
2023-06-26,3.4600000381469727,5.960000038146973,3.3299999237060547,114.41999816894531
2023-06-27,3.4200000762939453,5.860000133514404,3.5,113.7699966430664
2023-06-28,3.319999933242798,5.739999771118164,3.5999999046325684,113.02999877929688
2023-06-29,3.3399999141693115,5.820000171661377,3.6500000953674316,114.91000366210938
2023-06-30,3.4600000381469727,5.900000095367432,3.7100000381469727,114.16999816894531
2023-07-03,3.4700000286102295,5.960000038146973,3.75,115.94000244140625
2023-07-05,3.430000066757202,5.940000057220459,3.630000114440918,115.83999633789062
2023-07-06,3.2799999713897705,5.789999961853027,3.5299999713897705,113.63999938964844
2023-07-07,3.359999895095825,6.0,3.5799999237060547,115.19000244140625
2023-07-10,3.3399999141693115,5.880000114440918,3.5899999141693115,114.0999984741211
2023-07-11,3.369999885559082,5.829999923706055,3.6700000762939453,113.80000305175781
2023-07-12,3.359999895095825,5.820000171661377,3.8399999141693115,113.83000183105469
2023-07-13,3.4700000286102295,5.929999828338623,3.9000000953674316,115.58000183105469
2023-07-14,3.390000104904175,5.840000152587891,3.8399999141693115,113.95999908447266
2023-07-17,3.4700000286102295,5.940000057220459,3.8499999046325684,114.70999908447266
2023-07-18,3.430000066757202,5.829999923706055,3.930000066757202,113.94999694824219
2023-07-19,3.4700000286102295,5.789999961853027,3.9000000953674316,113.75
2023-07-20,3.4700000286102295,5.889999866485596,3.9000000953674316,114.33999633789062
2023-07-21,3.5799999237060547,6.03000020980835,3.9000000953674316,116.4000015258789
2023-07-24,3.490000009536743,5.980000019073486,3.859999895095825,117.56999969482422
2023-07-25,3.4700000286102295,6.0,3.869999885559082,117.9800033569336
2023-07-26,3.549999952316284,6.050000190734863,4.059999942779541,118.73999786376953
2023-07-27,3.430000066757202,5.900000095367432,4.010000228881836,116.04000091552734
2023-07-28,3.490000009536743,6.0,4.039999961853027,116.5199966430664
2023-07-31,3.5299999713897705,6.010000228881836,4.03000020980835,117.94999694824219
2023-08-01,3.4600000381469727,5.940000057220459,3.9100000858306885,117.5199966430664
2023-08-02,3.4700000286102295,5.920000076293945,3.799999952316284,117.01000213623047
2023-08-03,3.4000000953674316,5.75,3.880000114440918,116.70999908447266
2023-08-04,3.130000114440918,5.679999828338623,3.9100000858306885,115.66000366210938
2023-08-07,3.109999895095825,5.619999885559082,3.950000047683716,115.61000061035156
2023-08-08,3.140000104904175,5.570000171661377,3.859999895095825,115.2699966430664
2023-08-09,3.109999895095825,5.550000190734863,3.859999895095825,114.69999694824219
2023-08-10,3.140000104904175,5.610000133514404,3.9600000381469727,114.51000213623047
2023-08-11,3.0999999046325684,5.579999923706055,3.9200000762939453,114.25
2023-08-14,3.049999952316284,5.449999809265137,3.880000114440918,113.30999755859375
2023-08-15,3.049999952316284,5.409999847412109,3.8399999141693115,112.37000274658203
2023-08-16,3.049999952316284,5.400000095367432,3.819999933242798,111.87000274658203
2023-08-17,3.0199999809265137,5.340000152587891,3.809999942779541,111.36000061035156
2023-08-18,3.0399999618530273,5.409999847412109,3.819999933242798,111.69999694824219
2023-08-21,3.0199999809265137,5.360000133514404,3.869999885559082,110.79000091552734
2023-08-22,3.059999942779541,5.480000019073486,3.799999952316284,112.41000366210938
2023-08-23,3.1500000953674316,5.670000076293945,3.819999933242798,114.30000305175781
2023-08-24,3.0399999618530273,5.550000190734863,3.7799999713897705,113.30000305175781
2023-08-25,3.0399999618530273,5.489999771118164,3.799999952316284,112.1500015258789
2023-08-28,3.130000114440918,5.670000076293945,3.9000000953674316,113.5
2023-08-29,3.180000066757202,5.809999942779541,3.940000057220459,114.62000274658203
2023-08-30,3.0899999141693115,5.639999866485596,3.9100000858306885,113.9000015258789
2023-08-31,2.990000009536743,5.5,3.869999885559082,112.30999755859375
2023-09-01,3.0199999809265137,5.579999923706055,3.75,114.05000305175781
2023-09-05,2.9200000762939453,5.389999866485596,3.700000047683716,113.62000274658203
2023-09-06,2.859999895095825,5.329999923706055,3.609999895095825,112.25
2023-09-08,2.9049999713897705,5.369999885559082,3.609999895095825,111.69999694824219
